x-axis,B,2,3,4
second,Volt,Volt,Volt,Volt
-9.98200E-03,-224.37500E-03,+148.18750E-03,+4.68750E-03,-60.49375E-03
-9.96200E-03,-224.37500E-03,+151.31250E-03,+1.56250E-03,-65.18125E-03
-9.94200E-03,-230.00000E-03,+154.43750E-03,+136.25000E-03,-67.05625E-03
-9.92200E-03,-227.81250E-03,+157.56250E-03,+151.25000E-03,-62.99375E-03
-9.90200E-03,-230.31250E-03,+160.68750E-03,+156.87500E-03,-66.74375E-03
-9.88200E-03,-233.43750E-03,+163.81250E-03,+19.68750E-03,-65.80625E-03
-9.86200E-03,-233.75000E-03,+166.93750E-03,+1.56250E-03,-68.46250E-03
-9.84200E-03,-236.56250E-03,+170.06250E-03,+4.06250E-03,-71.58750E-03
-9.82200E-03,-236.87500E-03,+170.37500E-03,+150.62500E-03,-77.52500E-03
-9.80200E-03,-239.68750E-03,+173.18750E-03,+164.06250E-03,-76.74375E-03
-9.78200E-03,-240.00000E-03,+176.31250E-03,+169.37500E-03,-72.36875E-03
-9.76200E-03,-242.81250E-03,+176.62500E-03,+172.81250E-03,-80.33750E-03
-9.74200E-03,-243.12500E-03,+179.43750E-03,+21.25000E-03,-75.65000E-03
-9.72200E-03,-240.31250E-03,+182.56250E-03,+4.37500E-03,-77.83750E-03
-9.70200E-03,-240.00000E-03,+182.87500E-03,+1.56250E-03,-82.36875E-03
-9.68200E-03,-242.81250E-03,+185.68750E-03,+161.56250E-03,-87.05625E-03
-9.66200E-03,-245.93750E-03,+188.81250E-03,+182.18750E-03,-87.52500E-03
-9.64200E-03,-251.87500E-03,+189.12500E-03,+182.50000E-03,-87.52500E-03
-9.62200E-03,-249.68750E-03,+189.12500E-03,+25.00000E-03,-87.52500E-03
-9.60200E-03,-249.37500E-03,+194.75000E-03,+1.87500E-03,-87.52500E-03
-9.58200E-03,-246.56250E-03,+195.37500E-03,-1.56250E-03,-93.15000E-03
-9.56200E-03,-251.87500E-03,+195.37500E-03,+937.50E-06,-96.58750E-03
-9.54200E-03,-255.31250E-03,+198.18750E-03,+172.81250E-03,-96.90000E-03
-9.52200E-03,-252.81250E-03,+195.68750E-03,+194.68750E-03,-99.71250E-03
-9.50200E-03,-252.50000E-03,+201.00000E-03,+195.00000E-03,-98.61875E-03
-9.48200E-03,-249.68750E-03,+201.62500E-03,+26.25000E-03,-94.24375E-03
-9.46200E-03,-252.18750E-03,+201.62500E-03,+4.68750E-03,-102.21250E-03
-9.44200E-03,-255.31250E-03,+204.43750E-03,-1.25000E-03,-97.52500E-03
-9.42200E-03,-255.62500E-03,+196.31250E-03,+180.93750E-03,-105.33750E-03
-9.40200E-03,-252.81250E-03,+206.62500E-03,+198.43750E-03,-103.46250E-03
-9.38200E-03,-252.50000E-03,+210.68750E-03,+203.75000E-03,-103.15000E-03
-9.36200E-03,-252.50000E-03,+208.18750E-03,+201.56250E-03,-100.33750E-03
-9.34200E-03,-249.68750E-03,+210.68750E-03,+26.87500E-03,-107.05625E-03
-9.32200E-03,-252.18750E-03,+208.18750E-03,+1.87500E-03,-100.80625E-03
-9.30200E-03,-249.68750E-03,+207.87500E-03,+1.25000E-03,-105.65000E-03
-9.28200E-03,-252.18750E-03,+210.68750E-03,+186.87500E-03,-104.86875E-03
-9.26200E-03,-252.50000E-03,+208.18750E-03,+204.68750E-03,-106.11875E-03
-9.24200E-03,-252.50000E-03,+210.68750E-03,+207.18750E-03,-104.86875E-03
-9.22200E-03,-249.68750E-03,+211.00000E-03,+27.50000E-03,-104.71250E-03
-9.20200E-03,-255.00000E-03,+213.81250E-03,+4.68750E-03,-108.93125E-03
-9.18200E-03,-252.81250E-03,+211.31250E-03,+4.37500E-03,-103.77500E-03
-9.16200E-03,-249.68750E-03,+208.18750E-03,+1.56250E-03,-108.77500E-03
-9.14200E-03,-246.56250E-03,+207.87500E-03,+186.87500E-03,-109.40000E-03
-9.12200E-03,-243.43750E-03,+207.87500E-03,+207.50000E-03,-113.61875E-03
-9.10200E-03,-243.12500E-03,+213.50000E-03,+207.50000E-03,-111.27500E-03
-9.08200E-03,-243.12500E-03,+211.31250E-03,+24.68750E-03,-109.55625E-03
-9.06200E-03,-245.93750E-03,+211.00000E-03,+1.56250E-03,-110.80625E-03
-9.04200E-03,-243.43750E-03,+211.00000E-03,+1.25000E-03,-113.77500E-03
-9.02200E-03,-240.31250E-03,+211.00000E-03,+181.25000E-03,-114.08750E-03
-9.00200E-03,-237.18750E-03,+211.00000E-03,+204.06250E-03,-114.08750E-03
-8.98200E-03,-236.87500E-03,+211.00000E-03,+204.37500E-03,-114.08750E-03
-8.96200E-03,-234.06250E-03,+211.00000E-03,+201.56250E-03,-114.08750E-03
-8.94200E-03,-236.56250E-03,+208.18750E-03,+24.06250E-03,-114.08750E-03
-8.92200E-03,-231.25000E-03,+207.87500E-03,+1.56250E-03,-111.27500E-03
-8.90200E-03,-227.81250E-03,+205.06250E-03,-1.56250E-03,-116.58750E-03
-8.88200E-03,-227.50000E-03,+204.75000E-03,+180.93750E-03,-120.02500E-03
-8.86200E-03,-227.50000E-03,+204.75000E-03,+198.43750E-03,-114.71250E-03
-8.84200E-03,-224.68750E-03,+204.75000E-03,+200.93750E-03,-112.68125E-03
-8.82200E-03,-221.56250E-03,+201.93750E-03,+26.87500E-03,-116.74375E-03
-8.80200E-03,-221.25000E-03,+201.62500E-03,+1.87500E-03,-112.99375E-03
-8.78200E-03,-221.25000E-03,+198.81250E-03,+1.25000E-03,-111.11875E-03
-8.76200E-03,-218.43750E-03,+198.50000E-03,-1.56250E-03,-113.77500E-03
-8.74200E-03,-215.31250E-03,+195.68750E-03,+172.50000E-03,-111.27500E-03
-8.72200E-03,-217.81250E-03,+192.56250E-03,+191.87500E-03,-106.74375E-03
-8.70200E-03,-209.68750E-03,+195.06250E-03,+189.06250E-03,-111.90000E-03
-8.68200E-03,-208.75000E-03,+192.56250E-03,+25.62500E-03,-108.30625E-03
-8.66200E-03,-205.93750E-03,+195.06250E-03,+1.87500E-03,-112.05625E-03
-8.64200E-03,-205.62500E-03,+192.56250E-03,+1.25000E-03,-111.11875E-03
-8.62200E-03,-202.81250E-03,+186.62500E-03,+164.37500E-03,-109.55625E-03
-8.60200E-03,-196.87500E-03,+186.00000E-03,+179.68750E-03,-110.80625E-03
-8.58200E-03,-196.25000E-03,+183.18750E-03,+179.37500E-03,-112.36875E-03
-8.56200E-03,-196.25000E-03,+180.06250E-03,+176.56250E-03,-106.90000E-03
-8.54200E-03,-190.62500E-03,+182.56250E-03,+21.56250E-03,-104.86875E-03
-8.52200E-03,-184.37500E-03,+177.25000E-03,+1.56250E-03,-104.71250E-03
-8.50200E-03,-186.56250E-03,+173.81250E-03,-1.56250E-03,-103.30625E-03
-8.48200E-03,-184.06250E-03,+176.31250E-03,+161.25000E-03,-107.36875E-03
-8.46200E-03,-178.12500E-03,+168.18750E-03,+168.12500E-03,-106.43125E-03
-8.44200E-03,-177.50000E-03,+170.06250E-03,+161.25000E-03,-104.86875E-03
-8.42200E-03,-177.50000E-03,+167.56250E-03,+20.00000E-03,-94.86875E-03
-8.40200E-03,-171.87500E-03,+164.43750E-03,+1.56250E-03,-96.58750E-03
-8.38200E-03,-168.43750E-03,+161.31250E-03,+1.25000E-03,-101.11875E-03
-8.36200E-03,-162.50000E-03,+158.18750E-03,+1.25000E-03,-100.18125E-03
-8.34200E-03,-164.68750E-03,+155.06250E-03,+136.25000E-03,-98.61875E-03
-8.32200E-03,-156.56250E-03,+154.75000E-03,+148.43750E-03,-99.86875E-03
-8.30200E-03,-155.62500E-03,+149.12500E-03,+145.31250E-03,-91.58750E-03
-8.28200E-03,-152.81250E-03,+148.50000E-03,+21.25000E-03,-90.65000E-03
-8.26200E-03,-146.87500E-03,+145.68750E-03,+1.87500E-03,-90.65000E-03
-8.24200E-03,-143.43750E-03,+142.56250E-03,-1.56250E-03,-90.65000E-03
-8.22200E-03,-143.12500E-03,+136.62500E-03,+121.87500E-03,-93.46250E-03
-8.20200E-03,-140.31250E-03,+136.00000E-03,+132.81250E-03,-92.36875E-03
-8.18200E-03,-137.18750E-03,+130.37500E-03,+126.87500E-03,-82.36875E-03
-8.16200E-03,-131.25000E-03,+129.75000E-03,+126.25000E-03,-86.90000E-03
-8.14200E-03,-127.81250E-03,+124.12500E-03,+13.75000E-03,-87.52500E-03
-8.12200E-03,-127.50000E-03,+123.50000E-03,+1.25000E-03,-80.49375E-03
-8.10200E-03,-121.87500E-03,+120.68750E-03,+1.25000E-03,-78.30625E-03
-8.08200E-03,-118.43750E-03,+123.18750E-03,+105.31250E-03,-79.55625E-03
-8.06200E-03,-115.31250E-03,+115.06250E-03,+111.25000E-03,-79.71250E-03
-8.04200E-03,-109.37500E-03,+111.31250E-03,+105.00000E-03,-83.93125E-03
-8.02200E-03,-105.93750E-03,+108.18750E-03,+8.75000E-03,-74.55625E-03
-8.00200E-03,-100.00000E-03,+102.25000E-03,-1.87500E-03,-70.65000E-03
-7.98200E-03,-99.37500E-03,+98.81250E-03,-1.87500E-03,-73.15000E-03
-7.96200E-03,-99.37500E-03,+95.68750E-03,-4.68750E-03,-77.68125E-03
-7.94200E-03,-93.75000E-03,+89.75000E-03,+82.18750E-03,-71.11875E-03
-7.92200E-03,-90.31250E-03,+89.12500E-03,+86.25000E-03,-71.74375E-03
-7.90200E-03,-84.37500E-03,+86.31250E-03,+82.81250E-03,-67.68125E-03
-7.88200E-03,-80.93750E-03,+80.37500E-03,+6.56250E-03,-70.02500E-03
-7.86200E-03,-75.00000E-03,+76.93750E-03,-1.87500E-03,-64.71250E-03
-7.84200E-03,-71.56250E-03,+71.00000E-03,-4.68750E-03,-61.27500E-03
-7.82200E-03,-71.25000E-03,+70.37500E-03,+59.68750E-03,-62.36875E-03
-7.80200E-03,-65.62500E-03,+67.56250E-03,+64.06250E-03,-55.49375E-03
-7.78200E-03,-59.37500E-03,+61.62500E-03,+60.93750E-03,-56.11875E-03
-7.76200E-03,-55.93750E-03,+58.18750E-03,+55.00000E-03,-56.27500E-03
-7.74200E-03,-55.62500E-03,+57.87500E-03,+3.75000E-03,-54.86875E-03
-7.72200E-03,-50.00000E-03,+52.25000E-03,+937.50E-06,-50.49375E-03
-7.70200E-03,-46.56250E-03,+46.00000E-03,-4.37500E-03,-50.02500E-03
-7.68200E-03,-43.43750E-03,+42.56250E-03,+34.37500E-03,-45.80625E-03
-7.66200E-03,-40.31250E-03,+36.62500E-03,+35.93750E-03,-50.96250E-03
-7.64200E-03,-34.37500E-03,+33.18750E-03,+32.81250E-03,-41.74375E-03
-7.62200E-03,-30.93750E-03,+30.06250E-03,-9.68750E-03,-46.27500E-03
-7.60200E-03,-30.62500E-03,+26.93750E-03,-3.12500E-03,-44.08750E-03
-7.58200E-03,-25.00000E-03,+23.81250E-03,-4.68750E-03,-33.93125E-03
-7.56200E-03,-24.37500E-03,+20.68750E-03,-2.18750E-03,-37.05625E-03
-7.54200E-03,-18.75000E-03,+17.56250E-03,+9.37500E-03,-33.30625E-03
-7.52200E-03,-15.31250E-03,+14.43750E-03,+10.62500E-03,-28.61875E-03
-7.50200E-03,-12.18750E-03,+8.50000E-03,+5.00000E-03,-25.33750E-03
-7.48200E-03,-6.25000E-03,+5.06250E-03,-4.06250E-03,-20.80625E-03
-7.46200E-03,-5.62500E-03,+1.93750E-03,-5.00000E-03,-18.93125E-03
-7.44200E-03,-2.81250E-03,-1.18750E-03,+625.00E-06,-21.58750E-03
-7.42200E-03,+5.93750E-03,-7.12500E-03,-10.00000E-03,-17.68125E-03
-7.40200E-03,+9.68750E-03,-10.56250E-03,-11.25000E-03,-14.40000E-03
-7.38200E-03,+10.00000E-03,-16.50000E-03,-16.87500E-03,-18.30625E-03
-7.36200E-03,+12.81250E-03,-17.12500E-03,-20.31250E-03,-17.36875E-03
-7.34200E-03,+15.93750E-03,-22.75000E-03,-6.56250E-03,-15.80625E-03
-7.32200E-03,+21.87500E-03,-23.37500E-03,-5.00000E-03,-7.21250E-03
-7.30200E-03,+25.31250E-03,-31.81250E-03,-2.18750E-03,-4.86875E-03
-7.28200E-03,+28.43750E-03,-32.75000E-03,-32.81250E-03,+912.50E-06
-7.26200E-03,+31.56250E-03,-38.37500E-03,-41.87500E-03,-4.08750E-03
-7.24200E-03,+31.87500E-03,-41.81250E-03,-45.31250E-03,-6.11875E-03
-7.22200E-03,+37.50000E-03,-67.43750E-03,-85.00000E-03,-4.86875E-03
-7.20200E-03,+40.93750E-03,-53.37500E-03,-13.43750E-03,-493.75E-06
-7.18200E-03,+46.87500E-03,-51.50000E-03,-2.18750E-03,+2.78750E-03
-7.16200E-03,+47.50000E-03,-57.12500E-03,-4.68750E-03,+287.50E-06
-7.14200E-03,+50.31250E-03,-60.56250E-03,-58.43750E-03,+7.00625E-03
-7.12200E-03,+53.43750E-03,-66.50000E-03,-64.37500E-03,+9.19375E-03
-7.10200E-03,+56.56250E-03,-69.93750E-03,-67.18750E-03,+13.56875E-03
-7.08200E-03,+62.50000E-03,-73.06250E-03,-11.25000E-03,+14.03750E-03
-7.06200E-03,+65.93750E-03,-79.00000E-03,-2.18750E-03,+12.63125E-03
-7.04200E-03,+69.06250E-03,-79.62500E-03,-7.50000E-03,+19.50625E-03
-7.02200E-03,+69.37500E-03,-74.00000E-03,-70.00000E-03,+20.28750E-03
-7.00200E-03,+75.00000E-03,-87.43750E-03,-85.31250E-03,+21.69375E-03
-6.98200E-03,+78.43750E-03,-91.81250E-03,-91.87500E-03,+23.25625E-03
-6.96200E-03,+78.75000E-03,-94.93750E-03,-98.12500E-03,+23.41250E-03
-6.94200E-03,+81.56250E-03,-100.87500E-03,-17.18750E-03,+24.81875E-03
-6.92200E-03,+87.50000E-03,-101.50000E-03,-5.31250E-03,+32.00625E-03
-6.90200E-03,+88.12500E-03,-107.12500E-03,-2.18750E-03,+35.60000E-03
-6.88200E-03,+88.12500E-03,-107.75000E-03,-100.31250E-03,+33.10000E-03
-6.86200E-03,+90.93750E-03,-110.56250E-03,-111.25000E-03,+38.41250E-03
-6.84200E-03,+94.06250E-03,-119.31250E-03,-116.87500E-03,+41.85000E-03
-6.82200E-03,+94.37500E-03,-120.25000E-03,-120.31250E-03,+42.16250E-03
-6.80200E-03,+102.81250E-03,-123.06250E-03,-22.18750E-03,+42.16250E-03
-6.78200E-03,+103.75000E-03,-123.37500E-03,-5.62500E-03,+37.94375E-03
-6.76200E-03,+106.56250E-03,-126.18750E-03,-7.81250E-03,+45.91250E-03
-6.74200E-03,+106.87500E-03,-129.31250E-03,-117.81250E-03,+53.88125E-03
-6.72200E-03,+106.87500E-03,-135.25000E-03,-132.81250E-03,+47.63125E-03
-6.70200E-03,+115.31250E-03,-135.87500E-03,-135.93750E-03,+55.28750E-03
-6.68200E-03,+116.25000E-03,-141.50000E-03,-18.12500E-03,+53.41250E-03
-6.66200E-03,+116.25000E-03,-142.12500E-03,-5.00000E-03,+57.31875E-03
-6.64200E-03,+119.06250E-03,-144.93750E-03,-5.00000E-03,+60.60000E-03
-6.62200E-03,+122.18750E-03,-139.62500E-03,+625.00E-06,+58.10000E-03
-6.60200E-03,+122.50000E-03,-150.25000E-03,-136.56250E-03,+60.60000E-03
-6.58200E-03,+125.31250E-03,-154.31250E-03,-151.87500E-03,+62.31875E-03
-6.56200E-03,+128.43750E-03,-154.62500E-03,-154.68750E-03,+70.91250E-03
-6.54200E-03,+128.75000E-03,-157.43750E-03,-22.81250E-03,+63.41250E-03
-6.52200E-03,+125.93750E-03,-163.37500E-03,-8.12500E-03,+68.10000E-03
-6.50200E-03,+128.43750E-03,-164.00000E-03,-8.12500E-03,+72.94375E-03
-6.48200E-03,+131.56250E-03,-166.81250E-03,-151.56250E-03,+72.00625E-03
-6.46200E-03,+134.68750E-03,-169.93750E-03,-167.50000E-03,+76.06875E-03
-6.44200E-03,+132.18750E-03,-170.25000E-03,-173.12500E-03,+75.13125E-03
-6.42200E-03,+134.68750E-03,-173.06250E-03,-170.93750E-03,+74.97500E-03
-6.40200E-03,+137.81250E-03,-173.37500E-03,-24.37500E-03,+79.19375E-03
-6.38200E-03,+140.93750E-03,-176.18750E-03,-10.93750E-03,+79.66250E-03
-6.36200E-03,+138.43750E-03,-176.50000E-03,-8.43750E-03,+79.66250E-03
-6.34200E-03,+138.12500E-03,-176.50000E-03,-162.81250E-03,+78.25625E-03
-6.32200E-03,+140.93750E-03,-182.12500E-03,-180.00000E-03,+79.50625E-03
-6.30200E-03,+144.06250E-03,-185.56250E-03,-182.81250E-03,+85.28750E-03
-6.28200E-03,+144.37500E-03,-188.68750E-03,-28.43750E-03,+91.53750E-03
-6.26200E-03,+144.37500E-03,-189.00000E-03,-8.43750E-03,+85.13125E-03
-6.24200E-03,+141.56250E-03,-191.81250E-03,-5.31250E-03,+84.35000E-03
-6.22200E-03,+144.06250E-03,-189.31250E-03,-5.00000E-03,+91.38125E-03
-6.20200E-03,+144.37500E-03,-191.81250E-03,-170.93750E-03,+87.94375E-03
-6.18200E-03,+150.00000E-03,-194.93750E-03,-192.18750E-03,+94.50625E-03
-6.16200E-03,+147.81250E-03,-195.25000E-03,-198.12500E-03,+91.06875E-03
-6.14200E-03,+147.50000E-03,-195.25000E-03,-32.81250E-03,+94.81875E-03
-6.12200E-03,+147.50000E-03,-198.06250E-03,-11.56250E-03,+92.47500E-03
-6.10200E-03,+144.68750E-03,-201.18750E-03,-11.25000E-03,+100.60000E-03
-6.08200E-03,+147.18750E-03,-201.50000E-03,-180.00000E-03,+93.10000E-03
-6.06200E-03,+150.31250E-03,-201.50000E-03,-201.56250E-03,+94.97500E-03
-6.04200E-03,+147.81250E-03,-201.50000E-03,-201.87500E-03,+91.06875E-03
-6.02200E-03,+144.68750E-03,-204.31250E-03,-204.68750E-03,+94.81875E-03
-6.00200E-03,+147.18750E-03,-201.81250E-03,-30.62500E-03,+98.10000E-03
-5.98200E-03,+147.50000E-03,-204.31250E-03,-8.43750E-03,+101.22500E-03
-5.96200E-03,+147.50000E-03,-204.62500E-03,-8.12500E-03,+95.91250E-03
-5.94200E-03,+147.50000E-03,-207.43750E-03,-182.50000E-03,+103.72500E-03
-5.92200E-03,+144.68750E-03,-204.93750E-03,-204.68750E-03,+101.85000E-03
-5.90200E-03,+147.18750E-03,-204.62500E-03,-207.81250E-03,+100.13125E-03
-5.88200E-03,+147.50000E-03,-207.43750E-03,-28.12500E-03,+104.19375E-03
-5.86200E-03,+141.87500E-03,-207.75000E-03,-8.12500E-03,+107.47500E-03
-5.84200E-03,+144.06250E-03,-207.75000E-03,-8.12500E-03,+103.56875E-03
-5.82200E-03,+144.37500E-03,-204.93750E-03,-8.12500E-03,+110.13125E-03
-5.80200E-03,+144.37500E-03,-204.62500E-03,-188.12500E-03,+108.10000E-03
-5.78200E-03,+141.56250E-03,-207.43750E-03,-208.12500E-03,+106.38125E-03
-5.76200E-03,+141.25000E-03,-207.75000E-03,-205.31250E-03,+106.22500E-03
-5.74200E-03,+138.43750E-03,-207.75000E-03,-30.62500E-03,+113.25625E-03
-5.72200E-03,+138.12500E-03,-204.93750E-03,-11.25000E-03,+107.00625E-03
-5.70200E-03,+138.12500E-03,-207.43750E-03,-5.62500E-03,+106.22500E-03
-5.68200E-03,+135.31250E-03,-207.75000E-03,-185.00000E-03,+104.81875E-03
-5.66200E-03,+135.00000E-03,-207.75000E-03,-205.00000E-03,+104.66250E-03
-5.64200E-03,+132.18750E-03,-207.75000E-03,-205.00000E-03,+107.47500E-03
-5.62200E-03,+131.87500E-03,-204.93750E-03,-205.00000E-03,+110.60000E-03
-5.60200E-03,+129.06250E-03,-204.62500E-03,-30.62500E-03,+113.72500E-03
-5.58200E-03,+128.75000E-03,-204.62500E-03,-8.43750E-03,+109.81875E-03
-5.56200E-03,+125.93750E-03,-201.81250E-03,-8.12500E-03,+110.75625E-03
-5.54200E-03,+122.81250E-03,-201.50000E-03,-179.68750E-03,+112.31875E-03
-5.52200E-03,+125.31250E-03,-198.68750E-03,-198.75000E-03,+111.06875E-03
-5.50200E-03,+122.81250E-03,-201.18750E-03,-198.75000E-03,+106.69375E-03
-5.48200E-03,+119.68750E-03,-195.87500E-03,-30.00000E-03,+111.85000E-03
-5.46200E-03,+116.56250E-03,-198.06250E-03,-8.43750E-03,+106.85000E-03
-5.44200E-03,+116.25000E-03,-195.56250E-03,-10.93750E-03,+111.85000E-03
-5.42200E-03,+110.62500E-03,-195.25000E-03,-5.62500E-03,+109.66250E-03
-5.40200E-03,+110.00000E-03,-195.25000E-03,-170.93750E-03,+110.75625E-03
-5.38200E-03,+107.18750E-03,-189.62500E-03,-192.18750E-03,+106.69375E-03
-5.36200E-03,+106.87500E-03,-189.00000E-03,-189.68750E-03,+107.63125E-03
-5.34200E-03,+106.87500E-03,-186.18750E-03,-29.06250E-03,+106.38125E-03
-5.32200E-03,+104.06250E-03,-185.87500E-03,-11.25000E-03,+111.85000E-03
-5.30200E-03,+100.93750E-03,-183.06250E-03,-8.43750E-03,+109.66250E-03
-5.28200E-03,+95.00000E-03,-182.75000E-03,-165.62500E-03,+102.31875E-03
-5.26200E-03,+94.37500E-03,-179.93750E-03,-180.31250E-03,+105.75625E-03
-5.24200E-03,+91.56250E-03,-179.62500E-03,-180.00000E-03,+104.81875E-03
-5.22200E-03,+94.06250E-03,-176.81250E-03,-177.18750E-03,+108.88125E-03
-5.20200E-03,+85.93750E-03,-170.87500E-03,-27.81250E-03,+99.50625E-03
-5.18200E-03,+85.00000E-03,-173.06250E-03,-5.62500E-03,+97.00625E-03
-5.16200E-03,+82.18750E-03,-173.37500E-03,-10.62500E-03,+103.88125E-03
-5.14200E-03,+79.06250E-03,-167.75000E-03,-149.06250E-03,+97.63125E-03
-5.12200E-03,+78.75000E-03,-164.31250E-03,-164.37500E-03,+95.44375E-03
-5.10200E-03,+75.93750E-03,-161.18750E-03,-161.56250E-03,+95.28750E-03
-5.08200E-03,+72.81250E-03,-163.68750E-03,-23.43750E-03,+96.69375E-03
-5.06200E-03,+66.87500E-03,-161.18750E-03,-10.93750E-03,+96.85000E-03
-5.04200E-03,+66.25000E-03,-158.06250E-03,-8.43750E-03,+99.66250E-03
-5.02200E-03,+60.62500E-03,-154.93750E-03,-5.31250E-03,+98.56875E-03
-5.00200E-03,+57.18750E-03,-149.00000E-03,-134.37500E-03,+89.97500E-03
-4.98200E-03,+56.87500E-03,-148.37500E-03,-148.75000E-03,+91.85000E-03
-4.96200E-03,+54.06250E-03,-148.37500E-03,-145.93750E-03,+92.16250E-03
-4.94200E-03,+48.12500E-03,-142.75000E-03,-24.68750E-03,+94.97500E-03
-4.92200E-03,+44.68750E-03,-136.50000E-03,-8.43750E-03,+89.66250E-03
-4.90200E-03,+44.37500E-03,-135.87500E-03,-5.31250E-03,+87.63125E-03
-4.88200E-03,+38.75000E-03,-133.06250E-03,-120.31250E-03,+87.47500E-03
-4.86200E-03,+35.31250E-03,-129.93750E-03,-130.31250E-03,+83.25625E-03
-4.84200E-03,+26.56250E-03,-126.81250E-03,-124.37500E-03,+84.19375E-03
-4.82200E-03,+25.62500E-03,-123.68750E-03,-126.56250E-03,+81.53750E-03
-4.80200E-03,+25.62500E-03,-120.56250E-03,-20.00000E-03,+81.22500E-03
-4.78200E-03,+20.00000E-03,-120.25000E-03,-8.12500E-03,+78.41250E-03
-4.76200E-03,+19.37500E-03,-111.81250E-03,-5.31250E-03,+78.10000E-03
-4.74200E-03,+16.56250E-03,-113.68750E-03,-100.62500E-03,+76.69375E-03
-4.72200E-03,+10.62500E-03,-111.18750E-03,-108.43750E-03,+75.13125E-03
-4.70200E-03,+4.37500E-03,-102.43750E-03,-102.50000E-03,+73.56875E-03
-4.68200E-03,+3.75000E-03,-104.31250E-03,-17.50000E-03,+76.22500E-03
-4.66200E-03,-1.87500E-03,-96.18750E-03,-8.12500E-03,+70.91250E-03
-4.64200E-03,-2.50000E-03,-95.25000E-03,-2.50000E-03,+73.10000E-03
-4.62200E-03,-8.12500E-03,-92.43750E-03,-4.68750E-03,+69.19375E-03
-4.60200E-03,-14.37500E-03,-83.68750E-03,-78.12500E-03,+63.10000E-03
-4.58200E-03,-12.18750E-03,-79.93750E-03,-83.43750E-03,+68.10000E-03
-4.56200E-03,-20.31250E-03,-79.62500E-03,-77.50000E-03,+67.31875E-03
-4.54200E-03,-21.25000E-03,-74.00000E-03,-12.18750E-03,+64.35000E-03
-4.52200E-03,-26.87500E-03,-73.37500E-03,-7.81250E-03,+59.81875E-03
-4.50200E-03,-27.50000E-03,-70.56250E-03,-8.12500E-03,+56.53750E-03
-4.48200E-03,-35.93750E-03,-67.43750E-03,-61.56250E-03,+50.60000E-03
-4.46200E-03,-36.87500E-03,-58.68750E-03,-61.87500E-03,+52.78750E-03
-4.44200E-03,-39.68750E-03,-54.93750E-03,-58.43750E-03,+51.69375E-03
-4.42200E-03,-42.81250E-03,-51.81250E-03,-55.31250E-03,+55.75625E-03
-4.40200E-03,-48.75000E-03,-51.50000E-03,-10.00000E-03,+50.60000E-03
-4.38200E-03,-49.37500E-03,-48.68750E-03,-5.00000E-03,+42.94375E-03
-4.36200E-03,-52.18750E-03,-42.75000E-03,-5.00000E-03,+39.35000E-03
-4.34200E-03,-49.68750E-03,-39.31250E-03,-35.93750E-03,+41.85000E-03
-4.32200E-03,-46.56250E-03,-33.37500E-03,-33.75000E-03,+40.75625E-03
-4.30200E-03,-37.81250E-03,-32.75000E-03,-30.31250E-03,+42.00625E-03
-4.28200E-03,-31.25000E-03,-27.12500E-03,-10.31250E-03,+40.75625E-03
-4.26200E-03,-33.43750E-03,-23.68750E-03,-8.12500E-03,+27.94375E-03
-4.24200E-03,-28.12500E-03,-17.75000E-03,-5.31250E-03,+29.35000E-03
-4.22200E-03,-24.68750E-03,-11.50000E-03,-5.00000E-03,+32.47500E-03
-4.20200E-03,-21.56250E-03,-10.87500E-03,-10.62500E-03,+28.56875E-03
-4.18200E-03,-18.43750E-03,-5.25000E-03,-14.06250E-03,+25.28750E-03
-4.16200E-03,-12.50000E-03,-1.81250E-03,-8.75000E-03,+26.38125E-03
-4.14200E-03,-11.87500E-03,-4.31250E-03,-5.31250E-03,+19.50625E-03
-4.12200E-03,-9.06250E-03,-4.62500E-03,-2.18750E-03,+21.53750E-03
-4.10200E-03,-3.12500E-03,-7.43750E-03,-1.87500E-03,+24.66250E-03
-4.08200E-03,-2.50000E-03,-7.75000E-03,-7.50000E-03,+16.53750E-03
-4.06200E-03,+3.12500E-03,-10.56250E-03,-10.93750E-03,+18.41250E-03
-4.04200E-03,+6.56250E-03,-16.50000E-03,-16.87500E-03,+8.88125E-03
-4.02200E-03,+9.68750E-03,-19.93750E-03,-23.12500E-03,+9.19375E-03
-4.00200E-03,+15.62500E-03,-28.68750E-03,-6.87500E-03,+7.94375E-03
-3.98200E-03,+16.25000E-03,-32.43750E-03,-5.00000E-03,+9.19375E-03
-3.96200E-03,+21.87500E-03,-35.56250E-03,-7.81250E-03,+3.72500E-03
-3.94200E-03,+22.50000E-03,-49.93750E-03,-47.50000E-03,-1.11875E-03
-3.92200E-03,+25.31250E-03,-45.87500E-03,-43.43750E-03,-1.58750E-03
-3.90200E-03,+31.25000E-03,-48.06250E-03,-48.12500E-03,+5.44375E-03
-3.88200E-03,+34.68750E-03,-48.37500E-03,-9.37500E-03,+3.41250E-03
-3.86200E-03,+37.81250E-03,-54.00000E-03,-5.00000E-03,+4.50625E-03
-3.84200E-03,+40.93750E-03,-54.62500E-03,-5.00000E-03,+3.25625E-03
-3.82200E-03,+44.06250E-03,-63.06250E-03,-5.00000E-03,+10.13125E-03
-3.80200E-03,+44.37500E-03,-66.81250E-03,-58.43750E-03,+15.13125E-03
-3.78200E-03,+50.00000E-03,-69.93750E-03,-67.18750E-03,+8.56875E-03
-3.76200E-03,+53.43750E-03,-70.25000E-03,-73.12500E-03,+12.00625E-03
-3.74200E-03,+59.37500E-03,-75.87500E-03,-14.68750E-03,+8.25625E-03
-3.72200E-03,+60.00000E-03,-82.12500E-03,-5.31250E-03,+16.22500E-03
-3.70200E-03,+60.00000E-03,-85.56250E-03,-5.00000E-03,+15.75625E-03
-3.68200E-03,+65.62500E-03,-88.68750E-03,-80.93750E-03,+24.03750E-03
-3.66200E-03,+69.06250E-03,-91.81250E-03,-95.00000E-03,+23.56875E-03
-3.64200E-03,+72.18750E-03,-92.12500E-03,-95.62500E-03,+24.81875E-03
-3.62200E-03,+75.31250E-03,-97.75000E-03,-95.62500E-03,+29.19375E-03
-3.60200E-03,+75.62500E-03,-98.37500E-03,-16.87500E-03,+31.06875E-03
-3.58200E-03,+81.25000E-03,-104.00000E-03,-8.12500E-03,+35.44375E-03
-3.56200E-03,+84.68750E-03,-107.43750E-03,-5.31250E-03,+34.50625E-03
-3.54200E-03,+85.00000E-03,-161.18750E-03,-140.00000E-03,+41.38125E-03
-3.52200E-03,+90.62500E-03,-119.31250E-03,-118.43750E-03,+37.94375E-03
-3.50200E-03,+91.25000E-03,-114.00000E-03,-117.18750E-03,+40.28750E-03
-3.48200E-03,+94.06250E-03,-122.43750E-03,-21.87500E-03,+42.00625E-03
-3.46200E-03,+97.18750E-03,-123.37500E-03,-8.43750E-03,+43.56875E-03
-3.44200E-03,+94.68750E-03,-129.00000E-03,-8.12500E-03,+50.75625E-03
-3.42200E-03,+102.81250E-03,-129.62500E-03,-8.12500E-03,+52.94375E-03
-3.40200E-03,+103.75000E-03,-132.43750E-03,-120.62500E-03,+46.06875E-03
-3.38200E-03,+109.37500E-03,-135.56250E-03,-135.93750E-03,+57.94375E-03
-3.36200E-03,+107.18750E-03,-138.68750E-03,-139.06250E-03,+57.94375E-03
-3.34200E-03,+109.68750E-03,-141.81250E-03,-21.25000E-03,+53.56875E-03
-3.32200E-03,+112.81250E-03,-147.75000E-03,-8.12500E-03,+60.13125E-03
-3.30200E-03,+115.93750E-03,-148.37500E-03,-5.31250E-03,+55.28750E-03
-3.28200E-03,+113.43750E-03,-154.00000E-03,-134.37500E-03,+58.88125E-03
-3.26200E-03,+115.93750E-03,-154.62500E-03,-154.37500E-03,+60.75625E-03
-3.24200E-03,+119.06250E-03,-154.62500E-03,-157.81250E-03,+63.72500E-03
-3.22200E-03,+119.37500E-03,-154.62500E-03,-158.12500E-03,+59.81875E-03
-3.20200E-03,+122.18750E-03,-160.25000E-03,-23.12500E-03,+62.16250E-03
-3.18200E-03,+122.50000E-03,-166.50000E-03,-8.12500E-03,+68.10000E-03
-3.16200E-03,+125.31250E-03,-167.12500E-03,-5.31250E-03,+68.72500E-03
-3.14200E-03,+125.62500E-03,-169.93750E-03,-151.25000E-03,+74.35000E-03
-3.12200E-03,+128.43750E-03,-170.25000E-03,-170.31250E-03,+74.97500E-03
-3.10200E-03,+125.93750E-03,-173.06250E-03,-173.43750E-03,+74.97500E-03
-3.08200E-03,+128.43750E-03,-176.18750E-03,-35.93750E-03,+82.00625E-03
-3.06200E-03,+128.75000E-03,-179.31250E-03,-9.37500E-03,+78.56875E-03
-3.04200E-03,+131.56250E-03,-176.81250E-03,-8.12500E-03,+80.91250E-03
-3.02200E-03,+134.68750E-03,-182.12500E-03,-8.12500E-03,+78.41250E-03
-3.00200E-03,+135.00000E-03,-182.75000E-03,-165.62500E-03,+86.53750E-03
-2.98200E-03,+135.00000E-03,-185.56250E-03,-183.12500E-03,+90.28750E-03
-2.96200E-03,+135.00000E-03,-185.87500E-03,-185.93750E-03,+86.38125E-03
-2.94200E-03,+137.81250E-03,-185.87500E-03,-28.75000E-03,+84.50625E-03
-2.92200E-03,+138.12500E-03,-188.68750E-03,-8.43750E-03,+84.35000E-03
-2.90200E-03,+140.93750E-03,-189.00000E-03,-8.12500E-03,+84.35000E-03
-2.88200E-03,+138.43750E-03,-191.81250E-03,-174.06250E-03,+85.75625E-03
-2.86200E-03,+135.31250E-03,-192.12500E-03,-192.50000E-03,+85.91250E-03
-2.84200E-03,+140.62500E-03,-194.93750E-03,-198.12500E-03,+88.72500E-03
-2.82200E-03,+144.06250E-03,-192.43750E-03,-195.93750E-03,+90.44375E-03
-2.80200E-03,+141.56250E-03,-197.75000E-03,-29.68750E-03,+93.41250E-03
-2.78200E-03,+141.25000E-03,-201.18750E-03,-8.43750E-03,+93.72500E-03
-2.76200E-03,+144.06250E-03,-201.50000E-03,-8.12500E-03,+97.94375E-03
-2.74200E-03,+138.75000E-03,-224.00000E-03,-193.75000E-03,+97.00625E-03
-2.72200E-03,+140.93750E-03,-204.00000E-03,-203.12500E-03,+102.47500E-03
-2.70200E-03,+141.25000E-03,-204.31250E-03,-204.68750E-03,+96.06875E-03
-2.68200E-03,+138.43750E-03,-201.81250E-03,-47.50000E-03,+93.88125E-03
-2.66200E-03,+140.93750E-03,-204.31250E-03,-10.31250E-03,+95.13125E-03
-2.64200E-03,+141.25000E-03,-207.43750E-03,-8.12500E-03,+100.91250E-03
-2.62200E-03,+135.62500E-03,-207.75000E-03,-5.31250E-03,+98.72500E-03
-2.60200E-03,+140.62500E-03,-204.93750E-03,-185.00000E-03,+98.41250E-03
-2.58200E-03,+138.43750E-03,-207.43750E-03,-207.81250E-03,+104.03750E-03
-2.56200E-03,+135.31250E-03,-204.93750E-03,-208.12500E-03,+101.85000E-03
-2.54200E-03,+137.81250E-03,-210.25000E-03,-30.93750E-03,+108.56875E-03
-2.52200E-03,+138.12500E-03,-210.87500E-03,-8.43750E-03,+105.13125E-03
-2.50200E-03,+135.31250E-03,-208.06250E-03,-5.31250E-03,+104.66250E-03
-2.48200E-03,+135.00000E-03,-210.56250E-03,-185.00000E-03,+106.06875E-03
-2.46200E-03,+135.00000E-03,-210.87500E-03,-207.81250E-03,+107.63125E-03
-2.44200E-03,+137.81250E-03,-208.06250E-03,-208.12500E-03,+109.19375E-03
-2.42200E-03,+132.50000E-03,-210.56250E-03,-208.12500E-03,+116.38125E-03
-2.40200E-03,+129.06250E-03,-208.06250E-03,-30.93750E-03,+107.31875E-03
-2.38200E-03,+128.75000E-03,-207.75000E-03,-5.62500E-03,+107.63125E-03
-2.36200E-03,+125.93750E-03,-207.75000E-03,-7.81250E-03,+107.78750E-03
-2.34200E-03,+134.06250E-03,-193.68750E-03,-174.06250E-03,+106.38125E-03
-2.32200E-03,+126.56250E-03,-209.00000E-03,-203.75000E-03,+106.22500E-03
-2.30200E-03,+125.62500E-03,-208.06250E-03,-207.81250E-03,+104.81875E-03
-2.28200E-03,+128.43750E-03,-204.93750E-03,-50.62500E-03,+108.88125E-03
-2.26200E-03,+125.93750E-03,-204.62500E-03,-10.62500E-03,+106.53750E-03
-2.24200E-03,+120.00000E-03,-199.00000E-03,-8.12500E-03,+100.60000E-03
-2.22200E-03,+116.56250E-03,-206.81250E-03,-8.12500E-03,+111.22500E-03
-2.20200E-03,+116.25000E-03,-202.12500E-03,-182.50000E-03,+108.25625E-03
-2.18200E-03,+119.06250E-03,-198.68750E-03,-201.87500E-03,+110.60000E-03
-2.16200E-03,+110.93750E-03,-195.56250E-03,-196.25000E-03,+110.91250E-03
-2.14200E-03,+112.81250E-03,-198.06250E-03,-29.68750E-03,+108.10000E-03
-2.12200E-03,+113.12500E-03,-198.37500E-03,-11.25000E-03,+103.56875E-03
-2.10200E-03,+107.50000E-03,-192.75000E-03,-5.62500E-03,+108.72500E-03
-2.08200E-03,+106.87500E-03,-194.93750E-03,-176.56250E-03,+99.50625E-03
-2.06200E-03,+101.25000E-03,-192.43750E-03,-192.81250E-03,+106.85000E-03
-2.04200E-03,+100.62500E-03,-189.31250E-03,-192.50000E-03,+107.78750E-03
-2.02200E-03,+100.62500E-03,-189.00000E-03,-189.68750E-03,+104.97500E-03
-2.00200E-03,+97.81250E-03,-186.18750E-03,-29.06250E-03,+108.88125E-03
-1.98200E-03,+91.87500E-03,-185.87500E-03,-8.43750E-03,+109.35000E-03
-1.96200E-03,+91.25000E-03,-183.06250E-03,-8.12500E-03,+105.13125E-03
-1.94200E-03,+88.43750E-03,-177.12500E-03,-157.18750E-03,+99.03750E-03
-1.92200E-03,+85.31250E-03,-179.31250E-03,-182.18750E-03,+101.22500E-03
-1.90200E-03,+85.00000E-03,-179.62500E-03,-174.68750E-03,+100.13125E-03
-1.88200E-03,+85.00000E-03,-176.81250E-03,-44.37500E-03,+99.97500E-03
-1.86200E-03,+79.37500E-03,-173.68750E-03,-7.50000E-03,+105.60000E-03
-1.84200E-03,+81.56250E-03,-167.75000E-03,-7.81250E-03,+97.78750E-03
-1.82200E-03,+76.25000E-03,-167.12500E-03,-8.12500E-03,+96.85000E-03
-1.80200E-03,+75.62500E-03,-167.12500E-03,-151.56250E-03,+102.47500E-03
-1.78200E-03,+67.18750E-03,-167.12500E-03,-164.68750E-03,+98.88125E-03
-1.76200E-03,+60.62500E-03,-161.50000E-03,-164.37500E-03,+97.00625E-03
-1.74200E-03,+62.81250E-03,-160.87500E-03,-26.56250E-03,+96.85000E-03
-1.72200E-03,+57.50000E-03,-155.25000E-03,-8.43750E-03,+102.47500E-03
-1.70200E-03,+56.87500E-03,-154.62500E-03,-8.12500E-03,+97.47500E-03
-1.68200E-03,+54.06250E-03,-151.81250E-03,-140.31250E-03,+96.85000E-03
-1.66200E-03,+48.12500E-03,-148.68750E-03,-149.37500E-03,+94.03750E-03
-1.64200E-03,+44.68750E-03,-148.37500E-03,-145.93750E-03,+90.91250E-03
-1.62200E-03,+41.56250E-03,-142.75000E-03,-145.62500E-03,+87.78750E-03
-1.60200E-03,+38.43750E-03,-142.12500E-03,-21.87500E-03,+88.88125E-03
-1.58200E-03,+35.31250E-03,-136.50000E-03,-8.12500E-03,+83.41250E-03
-1.56200E-03,+35.00000E-03,-138.68750E-03,-8.12500E-03,+85.60000E-03
-1.54200E-03,+26.56250E-03,-119.31250E-03,-109.37500E-03,+91.53750E-03
-1.52200E-03,+28.43750E-03,-128.37500E-03,-129.06250E-03,+85.13125E-03
-1.50200E-03,+23.12500E-03,-129.62500E-03,-127.18750E-03,+82.94375E-03
-1.48200E-03,+19.68750E-03,-121.18750E-03,-31.25000E-03,+81.38125E-03
-1.46200E-03,+13.75000E-03,-120.25000E-03,-9.37500E-03,+78.41250E-03
-1.44200E-03,+15.93750E-03,-114.62500E-03,-8.12500E-03,+79.50625E-03
-1.42200E-03,+10.62500E-03,-114.00000E-03,-8.12500E-03,+78.25625E-03
-1.40200E-03,+4.37500E-03,-111.18750E-03,-98.12500E-03,+79.50625E-03
-1.38200E-03,+3.75000E-03,-108.06250E-03,-105.31250E-03,+76.85000E-03
-1.36200E-03,+937.50E-06,-102.12500E-03,-102.18750E-03,+72.31875E-03
-1.34200E-03,-7.81250E-03,-98.68750E-03,-20.31250E-03,+70.44375E-03
-1.32200E-03,-5.93750E-03,-98.37500E-03,-5.62500E-03,+73.10000E-03
-1.30200E-03,-14.06250E-03,-95.56250E-03,-2.18750E-03,+70.60000E-03
-1.28200E-03,-15.00000E-03,-89.62500E-03,-80.62500E-03,+68.88125E-03
-1.26200E-03,-17.81250E-03,-89.00000E-03,-86.56250E-03,+65.91250E-03
-1.24200E-03,-23.75000E-03,-83.37500E-03,-83.43750E-03,+69.81875E-03
-1.22200E-03,-27.18750E-03,-77.12500E-03,-77.50000E-03,+63.25625E-03
-1.20200E-03,-30.31250E-03,-73.68750E-03,-9.37500E-03,+65.28750E-03
-1.18200E-03,-36.25000E-03,-73.37500E-03,-4.68750E-03,+62.78750E-03
-1.16200E-03,-36.87500E-03,-70.56250E-03,-5.00000E-03,+56.85000E-03
-1.14200E-03,-42.50000E-03,-64.62500E-03,-58.43750E-03,+57.63125E-03
-1.12200E-03,-43.12500E-03,-61.18750E-03,-61.56250E-03,+49.35000E-03
-1.10200E-03,-48.75000E-03,-55.25000E-03,-58.43750E-03,+48.41250E-03
-1.08200E-03,-52.18750E-03,-49.00000E-03,-18.75000E-03,+54.03750E-03
-1.06200E-03,-58.12500E-03,-48.37500E-03,-5.93750E-03,+46.22500E-03
-1.04200E-03,-61.56250E-03,-45.56250E-03,-5.00000E-03,+45.28750E-03
-1.02200E-03,-64.68750E-03,-42.43750E-03,-5.00000E-03,+45.28750E-03
-1.00200E-03,-67.81250E-03,-33.68750E-03,-33.12500E-03,+45.28750E-03
-982.00E-06,-70.93750E-03,-29.93750E-03,-33.43750E-03,+38.25625E-03
-962.00E-06,-76.87500E-03,-29.62500E-03,-33.12500E-03,+40.28750E-03
-942.00E-06,-77.50000E-03,-26.81250E-03,-7.81250E-03,+34.97500E-03
-922.00E-06,-83.12500E-03,-20.87500E-03,-2.18750E-03,+32.94375E-03
-902.00E-06,-86.56250E-03,-14.62500E-03,-4.68750E-03,+32.78750E-03
-882.00E-06,-89.68750E-03,-11.18750E-03,-13.43750E-03,+32.78750E-03
-862.00E-06,-90.00000E-03,-8.06250E-03,-11.56250E-03,+25.75625E-03
-842.00E-06,-95.62500E-03,-7.75000E-03,-8.43750E-03,+20.75625E-03
-822.00E-06,-99.06250E-03,-2.12500E-03,-5.31250E-03,+24.50625E-03
-802.00E-06,-105.00000E-03,+6.93750E-03,-2.18750E-03,+22.16250E-03
-782.00E-06,-108.43750E-03,+7.87500E-03,-4.68750E-03,+17.63125E-03
-762.00E-06,-108.75000E-03,+10.68750E-03,-2.18750E-03,+18.56875E-03
-742.00E-06,-114.37500E-03,+41.93750E-03,+34.68750E-03,+14.50625E-03
-722.00E-06,-117.81250E-03,+22.87500E-03,+16.25000E-03,+9.81875E-03
-702.00E-06,-120.93750E-03,+20.37500E-03,+19.37500E-03,+9.35000E-03
-682.00E-06,-124.06250E-03,+26.00000E-03,-5.31250E-03,+2.31875E-03
-662.00E-06,-130.00000E-03,+29.43750E-03,+312.50E-06,+5.75625E-03
-642.00E-06,-133.43750E-03,+32.56250E-03,-4.37500E-03,+6.22500E-03
-622.00E-06,-133.75000E-03,+38.50000E-03,-7.81250E-03,+6.22500E-03
-602.00E-06,-136.56250E-03,+39.12500E-03,+31.25000E-03,+4.81875E-03
-582.00E-06,-142.50000E-03,+44.75000E-03,+41.25000E-03,-962.50E-06
-562.00E-06,-143.12500E-03,+48.18750E-03,+47.50000E-03,-5.80625E-03
-542.00E-06,-148.75000E-03,+51.31250E-03,+3.12500E-03,-10.49375E-03
-522.00E-06,-149.37500E-03,+54.43750E-03,-1.87500E-03,-6.74375E-03
-502.00E-06,-152.18750E-03,+60.37500E-03,-1.87500E-03,-3.46250E-03
-482.00E-06,-155.31250E-03,+63.81250E-03,+57.18750E-03,-12.99375E-03
-462.00E-06,-161.25000E-03,+69.75000E-03,+66.56250E-03,-12.68125E-03
-442.00E-06,-164.68750E-03,+70.37500E-03,+69.68750E-03,-13.93125E-03
-422.00E-06,-170.62500E-03,+73.18750E-03,+75.62500E-03,-15.49375E-03
-402.00E-06,-168.43750E-03,+76.31250E-03,+5.93750E-03,-15.65000E-03
-382.00E-06,-173.75000E-03,+82.25000E-03,-1.87500E-03,-18.46250E-03
-362.00E-06,-180.00000E-03,+88.50000E-03,-4.68750E-03,-24.40000E-03
-342.00E-06,-183.43750E-03,+80.68750E-03,+70.93750E-03,-23.61875E-03
-322.00E-06,-180.93750E-03,+93.81250E-03,+87.81250E-03,-27.68125E-03
-302.00E-06,-186.25000E-03,+95.37500E-03,+94.37500E-03,-25.33750E-03
-282.00E-06,-186.87500E-03,+101.00000E-03,+10.62500E-03,-30.65000E-03
-262.00E-06,-189.68750E-03,+101.62500E-03,+1.25000E-03,-31.27500E-03
-242.00E-06,-192.81250E-03,+104.43750E-03,+1.25000E-03,-36.90000E-03
-222.00E-06,-195.93750E-03,+110.37500E-03,-1.56250E-03,-36.11875E-03
-202.00E-06,-199.06250E-03,+113.81250E-03,+96.56250E-03,-47.21250E-03
-182.00E-06,-199.37500E-03,+116.93750E-03,+113.12500E-03,-45.65000E-03
-162.00E-06,-202.18750E-03,+120.06250E-03,+116.56250E-03,-38.30625E-03
-142.00E-06,-202.50000E-03,+123.18750E-03,+12.81250E-03,-48.77500E-03
-122.00E-06,-208.12500E-03,+126.31250E-03,+1.25000E-03,-42.99375E-03
-102.00E-06,-208.75000E-03,+132.25000E-03,+1.25000E-03,-47.83750E-03
-82.00E-06,-208.75000E-03,+135.68750E-03,+116.56250E-03,-48.46250E-03
-62.00E-06,-217.18750E-03,+136.00000E-03,+135.00000E-03,-55.49375E-03
-42.00E-06,-218.12500E-03,+138.81250E-03,+138.43750E-03,-54.86875E-03
-22.00E-06,-218.12500E-03,+141.93750E-03,+138.75000E-03,-57.52500E-03
-2.00E-06,-220.93750E-03,+145.06250E-03,+15.00000E-03,-56.43125E-03
+18.00E-06,-224.06250E-03,+151.00000E-03,+4.06250E-03,-64.71250E-03
+38.00E-06,-224.37500E-03,+154.43750E-03,+1.56250E-03,-62.83750E-03
+58.00E-06,-227.18750E-03,+151.93750E-03,+136.25000E-03,-68.15000E-03
+78.00E-06,-230.31250E-03,+157.25000E-03,+151.25000E-03,-65.96250E-03
+98.00E-06,-233.43750E-03,+155.06250E-03,+151.25000E-03,-69.86875E-03
+118.00E-06,-230.93750E-03,+160.37500E-03,+19.06250E-03,-66.11875E-03
+138.00E-06,-233.43750E-03,+163.81250E-03,+4.37500E-03,-74.08750E-03
+158.00E-06,-236.56250E-03,+166.93750E-03,-1.25000E-03,-65.18125E-03
+178.00E-06,-236.87500E-03,+170.06250E-03,-1.87500E-03,-73.93125E-03
+198.00E-06,-239.68750E-03,+170.37500E-03,+150.00000E-03,-80.65000E-03
+218.00E-06,-240.00000E-03,+173.18750E-03,+169.68750E-03,-81.27500E-03
+238.00E-06,-242.81250E-03,+176.31250E-03,+170.00000E-03,-75.65000E-03
+258.00E-06,-245.93750E-03,+176.62500E-03,+20.93750E-03,-77.83750E-03
+278.00E-06,-243.43750E-03,+176.62500E-03,+1.56250E-03,-79.55625E-03
+298.00E-06,-245.93750E-03,+179.43750E-03,+1.25000E-03,-81.11875E-03
+318.00E-06,-243.43750E-03,+182.56250E-03,+161.56250E-03,-82.68125E-03
+338.00E-06,-248.75000E-03,+185.68750E-03,+182.18750E-03,-89.86875E-03
+358.00E-06,-246.56250E-03,+186.00000E-03,+185.31250E-03,-82.21250E-03
+378.00E-06,-249.06250E-03,+186.00000E-03,+185.62500E-03,-89.71250E-03
+398.00E-06,-249.37500E-03,+191.62500E-03,+22.50000E-03,-87.83750E-03
+418.00E-06,-249.37500E-03,+189.43750E-03,+1.56250E-03,-90.33750E-03
+438.00E-06,-252.18750E-03,+191.93750E-03,+1.25000E-03,-93.46250E-03
+458.00E-06,-252.50000E-03,+195.06250E-03,+172.81250E-03,-90.96250E-03
+478.00E-06,-249.68750E-03,+195.37500E-03,+194.68750E-03,-100.49375E-03
+498.00E-06,-252.18750E-03,+198.18750E-03,+195.00000E-03,-98.77500E-03
+518.00E-06,-252.50000E-03,+198.50000E-03,+23.43750E-03,-95.65000E-03
+538.00E-06,-255.31250E-03,+201.31250E-03,+4.37500E-03,-98.15000E-03
+558.00E-06,-255.62500E-03,+204.43750E-03,-1.25000E-03,-97.05625E-03
+578.00E-06,-252.81250E-03,+204.75000E-03,+3.75000E-03,-99.71250E-03
+598.00E-06,-252.50000E-03,+204.75000E-03,+175.93750E-03,-101.43125E-03
+618.00E-06,-249.68750E-03,+207.56250E-03,+200.62500E-03,-100.18125E-03
+638.00E-06,-252.18750E-03,+205.06250E-03,+201.25000E-03,-101.43125E-03
+658.00E-06,-255.31250E-03,+204.75000E-03,+24.06250E-03,-108.61875E-03
+678.00E-06,-252.81250E-03,+210.37500E-03,+10.00000E-03,-99.55625E-03
+698.00E-06,-255.31250E-03,+208.18750E-03,+2.18750E-03,-106.90000E-03
+718.00E-06,-252.81250E-03,+210.68750E-03,+181.25000E-03,-102.21250E-03
+738.00E-06,-252.50000E-03,+208.18750E-03,+206.87500E-03,-102.99375E-03
+758.00E-06,-249.68750E-03,+207.87500E-03,+204.68750E-03,-105.96250E-03
+778.00E-06,-249.37500E-03,+207.87500E-03,+204.37500E-03,-110.49375E-03
+798.00E-06,-249.37500E-03,+207.87500E-03,+27.18750E-03,-113.77500E-03
+818.00E-06,-249.37500E-03,+210.68750E-03,+4.68750E-03,-107.05625E-03
+838.00E-06,-249.37500E-03,+211.00000E-03,+1.56250E-03,-109.08750E-03
+858.00E-06,-246.56250E-03,+211.00000E-03,+186.87500E-03,-109.40000E-03
+878.00E-06,-243.43750E-03,+211.00000E-03,+207.50000E-03,-116.43125E-03
+898.00E-06,-248.75000E-03,+213.81250E-03,+207.50000E-03,-111.58750E-03
+918.00E-06,-243.75000E-03,+211.31250E-03,+27.50000E-03,-112.36875E-03
+938.00E-06,-243.12500E-03,+211.00000E-03,+1.87500E-03,-115.33750E-03
+958.00E-06,-243.12500E-03,+211.00000E-03,+1.25000E-03,-114.24375E-03
+978.00E-06,-237.50000E-03,+211.00000E-03,-1.56250E-03,-115.49375E-03
+998.00E-06,-239.68750E-03,+208.18750E-03,+183.75000E-03,-117.05625E-03
+1.01800E-03,-240.00000E-03,+210.68750E-03,+204.37500E-03,-114.40000E-03
+1.03800E-03,-237.18750E-03,+208.18750E-03,+204.37500E-03,-109.86875E-03
+1.05800E-03,-234.06250E-03,+207.87500E-03,+24.37500E-03,-112.21250E-03
+1.07800E-03,-230.93750E-03,+210.68750E-03,+1.56250E-03,-112.52500E-03
+1.09800E-03,-230.62500E-03,+205.37500E-03,+4.06250E-03,-119.55625E-03
+1.11800E-03,-230.62500E-03,+204.75000E-03,+181.56250E-03,-117.52500E-03
+1.13800E-03,-227.81250E-03,+201.93750E-03,+195.62500E-03,-114.40000E-03
+1.15800E-03,-224.68750E-03,+201.62500E-03,+195.00000E-03,-115.49375E-03
+1.17800E-03,-221.56250E-03,+198.81250E-03,+195.00000E-03,-115.65000E-03
+1.19800E-03,-221.25000E-03,+198.50000E-03,+20.62500E-03,-110.02500E-03
+1.21800E-03,-221.25000E-03,+198.50000E-03,+1.25000E-03,-112.21250E-03
+1.23800E-03,-215.62500E-03,+195.68750E-03,+1.25000E-03,-111.11875E-03
+1.25800E-03,-212.18750E-03,+195.37500E-03,+172.81250E-03,-113.77500E-03
+1.27800E-03,-214.68750E-03,+195.37500E-03,+189.06250E-03,-109.86875E-03
+1.29800E-03,-212.18750E-03,+192.56250E-03,+185.93750E-03,-109.40000E-03
+1.31800E-03,-209.06250E-03,+189.43750E-03,+25.31250E-03,-110.80625E-03
+1.33800E-03,-208.75000E-03,+189.12500E-03,+4.68750E-03,-117.99375E-03
+1.35800E-03,-205.93750E-03,+189.12500E-03,+1.56250E-03,-113.15000E-03
+1.37800E-03,-200.00000E-03,+183.50000E-03,+1.25000E-03,-108.30625E-03
+1.39800E-03,-196.56250E-03,+185.68750E-03,+158.75000E-03,-113.46250E-03
+1.41800E-03,-196.25000E-03,+183.18750E-03,+179.06250E-03,-111.27500E-03
+1.43800E-03,-193.43750E-03,+177.25000E-03,+176.56250E-03,-106.74375E-03
+1.45800E-03,-190.31250E-03,+176.62500E-03,+21.56250E-03,-104.86875E-03
+1.47800E-03,-190.00000E-03,+173.81250E-03,+4.37500E-03,-103.30625E-03
+1.49800E-03,-190.00000E-03,+173.50000E-03,+1.56250E-03,-110.18125E-03
+1.51800E-03,-181.56250E-03,+173.50000E-03,+147.50000E-03,-105.33750E-03
+1.53800E-03,-177.81250E-03,+170.68750E-03,+163.75000E-03,-108.93125E-03
+1.55800E-03,-177.50000E-03,+164.75000E-03,+160.93750E-03,-102.36875E-03
+1.57800E-03,-174.68750E-03,+164.12500E-03,+157.81250E-03,-105.80625E-03
+1.59800E-03,-168.75000E-03,+161.31250E-03,+16.87500E-03,-102.05625E-03
+1.61800E-03,-168.12500E-03,+158.18750E-03,+1.25000E-03,-95.96250E-03
+1.63800E-03,-165.31250E-03,+157.87500E-03,-1.56250E-03,-98.15000E-03
+1.65800E-03,-165.00000E-03,+157.87500E-03,+133.12500E-03,-101.27500E-03
+1.67800E-03,-159.37500E-03,+152.25000E-03,+148.12500E-03,-97.36875E-03
+1.69800E-03,-155.93750E-03,+148.81250E-03,+145.31250E-03,-94.08750E-03
+1.71800E-03,-152.81250E-03,+148.50000E-03,+21.25000E-03,-96.58750E-03
+1.73800E-03,-152.50000E-03,+142.87500E-03,+1.87500E-03,-98.30625E-03
+1.75800E-03,-144.06250E-03,+139.43750E-03,-1.56250E-03,-94.24375E-03
+1.77800E-03,-143.12500E-03,+133.50000E-03,+937.50E-06,-90.96250E-03
+1.79800E-03,-140.31250E-03,+132.87500E-03,+116.56250E-03,-90.65000E-03
+1.81800E-03,-137.18750E-03,+132.87500E-03,+126.56250E-03,-90.65000E-03
+1.83800E-03,-128.43750E-03,+130.06250E-03,+123.43750E-03,-90.65000E-03
+1.85800E-03,-130.31250E-03,+126.93750E-03,+13.43750E-03,-85.02500E-03
+1.87800E-03,-125.00000E-03,+123.81250E-03,+1.25000E-03,-88.61875E-03
+1.89800E-03,-121.56250E-03,+117.87500E-03,+1.25000E-03,-82.05625E-03
+1.91800E-03,-118.43750E-03,+114.43750E-03,+99.68750E-03,-81.27500E-03
+1.93800E-03,-109.68750E-03,+108.50000E-03,+107.81250E-03,-75.65000E-03
+1.95800E-03,-108.75000E-03,+107.87500E-03,+101.87500E-03,-76.43125E-03
+1.97800E-03,-105.93750E-03,+107.87500E-03,+101.25000E-03,-83.61875E-03
+1.99800E-03,-102.81250E-03,+102.25000E-03,+11.25000E-03,-74.55625E-03
+2.01800E-03,-99.68750E-03,+96.00000E-03,+1.25000E-03,-73.46250E-03
+2.03800E-03,-96.56250E-03,+92.56250E-03,-4.37500E-03,-72.05625E-03
+2.05800E-03,-90.62500E-03,+89.43750E-03,+73.75000E-03,-76.11875E-03
+2.07800E-03,-90.00000E-03,+86.31250E-03,+82.50000E-03,-73.77500E-03
+2.09800E-03,-84.37500E-03,+83.18750E-03,+79.68750E-03,-63.61875E-03
+2.11800E-03,-80.93750E-03,+77.25000E-03,+6.25000E-03,-66.74375E-03
+2.13800E-03,-77.81250E-03,+73.81250E-03,+937.50E-06,-62.99375E-03
+2.15800E-03,-71.87500E-03,+70.68750E-03,-1.56250E-03,-59.71250E-03
+2.17800E-03,-71.25000E-03,+67.56250E-03,-1.87500E-03,-62.21250E-03
+2.19800E-03,-65.62500E-03,+61.62500E-03,+54.37500E-03,-62.52500E-03
+2.21800E-03,-62.18750E-03,+58.18750E-03,+57.81250E-03,-58.30625E-03
+2.23800E-03,-59.06250E-03,+55.06250E-03,+54.68750E-03,-53.61875E-03
+2.25800E-03,-55.93750E-03,+51.93750E-03,+3.75000E-03,-53.15000E-03
+2.27800E-03,-50.00000E-03,+48.81250E-03,-1.87500E-03,-55.96250E-03
+2.29800E-03,-46.56250E-03,+45.68750E-03,-4.68750E-03,-53.46250E-03
+2.31800E-03,-43.43750E-03,+39.75000E-03,+34.37500E-03,-47.52500E-03
+2.33800E-03,-40.31250E-03,+33.50000E-03,+35.93750E-03,-44.08750E-03
+2.35800E-03,-37.18750E-03,+35.68750E-03,+32.81250E-03,-49.40000E-03
+2.37800E-03,-31.25000E-03,+30.37500E-03,+26.87500E-03,-41.58750E-03
+2.39800E-03,-27.81250E-03,+24.12500E-03,+937.50E-06,-46.27500E-03
+2.41800E-03,-27.50000E-03,+17.87500E-03,-4.68750E-03,-37.05625E-03
+2.43800E-03,-24.68750E-03,+20.06250E-03,-2.18750E-03,-30.33750E-03
+2.45800E-03,-18.75000E-03,+14.75000E-03,+6.56250E-03,-32.52500E-03
+2.47800E-03,-18.12500E-03,+14.12500E-03,+7.50000E-03,-31.43125E-03
+2.49800E-03,-15.31250E-03,+5.68750E-03,+4.68750E-03,-32.68125E-03
+2.51800E-03,-6.56250E-03,+4.75000E-03,-1.25000E-03,-28.61875E-03
+2.53800E-03,-2.81250E-03,-875.00E-06,-4.68750E-03,-23.93125E-03
+2.55800E-03,-2.50000E-03,-4.31250E-03,-5.00000E-03,-23.46250E-03
+2.57800E-03,+3.12500E-03,-21.50000E-03,-21.87500E-03,-24.86875E-03
+2.59800E-03,+6.56250E-03,-14.93750E-03,-15.31250E-03,-16.58750E-03
+2.61800E-03,+9.68750E-03,-16.81250E-03,-20.00000E-03,-18.46250E-03
+2.63800E-03,+12.81250E-03,-19.93750E-03,-23.43750E-03,-11.74375E-03
+2.65800E-03,+21.56250E-03,-25.87500E-03,-6.87500E-03,-10.96250E-03
+2.67800E-03,+19.68750E-03,-29.31250E-03,-5.00000E-03,-8.15000E-03
+2.69800E-03,+25.00000E-03,-35.25000E-03,-5.00000E-03,-9.24375E-03
+2.71800E-03,+31.25000E-03,-35.87500E-03,-35.93750E-03,-7.99375E-03
+2.73800E-03,+31.87500E-03,-38.68750E-03,-42.18750E-03,-5.02500E-03
+2.75800E-03,+34.68750E-03,-44.62500E-03,-48.12500E-03,-7.52500E-03
+2.77800E-03,+43.43750E-03,-48.06250E-03,-54.37500E-03,-806.25E-06
+2.79800E-03,+44.37500E-03,-51.18750E-03,-10.00000E-03,+2.78750E-03
+2.81800E-03,+47.18750E-03,-54.31250E-03,-5.00000E-03,+1.69375E-03
+2.83800E-03,+47.50000E-03,-57.43750E-03,-2.18750E-03,+7.16250E-03
+2.85800E-03,+50.31250E-03,-63.37500E-03,-60.93750E-03,+7.78750E-03
+2.87800E-03,+56.25000E-03,-66.81250E-03,-67.50000E-03,+9.19375E-03
+2.89800E-03,+59.68750E-03,-72.75000E-03,-73.12500E-03,+10.75625E-03
+2.91800E-03,+60.00000E-03,-73.37500E-03,-14.68750E-03,+12.31875E-03
+2.93800E-03,+62.81250E-03,-79.00000E-03,-5.31250E-03,+12.47500E-03
+2.95800E-03,+68.75000E-03,-79.62500E-03,-5.00000E-03,+15.28750E-03
+2.97800E-03,+72.18750E-03,-88.06250E-03,-80.93750E-03,+19.81875E-03
+2.99800E-03,+75.31250E-03,-91.81250E-03,-92.18750E-03,+17.47500E-03
+3.01800E-03,+75.62500E-03,-89.31250E-03,-92.50000E-03,+22.78750E-03
+3.03800E-03,+78.43750E-03,-97.43750E-03,-95.31250E-03,+26.22500E-03
+3.05800E-03,+81.56250E-03,-101.18750E-03,-16.87500E-03,+32.16250E-03
+3.07800E-03,+87.50000E-03,-101.50000E-03,-5.31250E-03,+31.38125E-03
+3.09800E-03,+88.12500E-03,-107.12500E-03,-5.00000E-03,+29.81875E-03
+3.11800E-03,+90.93750E-03,-116.18750E-03,-100.62500E-03,+32.47500E-03
+3.13800E-03,+94.06250E-03,-114.31250E-03,-114.06250E-03,+29.97500E-03
+3.15800E-03,+94.37500E-03,-116.81250E-03,-117.18750E-03,+38.10000E-03
+3.17800E-03,+100.00000E-03,-117.12500E-03,-38.75000E-03,+44.66250E-03
+3.19800E-03,+100.62500E-03,-125.56250E-03,-13.12500E-03,+41.06875E-03
+3.21800E-03,+103.43750E-03,-126.50000E-03,-5.62500E-03,+40.60000E-03
+3.23800E-03,+103.75000E-03,-129.31250E-03,-7.81250E-03,+44.81875E-03
+3.25800E-03,+106.56250E-03,-135.25000E-03,-120.62500E-03,+46.69375E-03
+3.27800E-03,+112.50000E-03,-135.87500E-03,-135.93750E-03,+42.63125E-03
+3.29800E-03,+113.12500E-03,-138.68750E-03,-141.87500E-03,+50.60000E-03
+3.31800E-03,+115.93750E-03,-139.00000E-03,-21.56250E-03,+54.35000E-03
+3.33800E-03,+116.25000E-03,-144.62500E-03,-8.12500E-03,+53.25625E-03
+3.35800E-03,+119.06250E-03,-145.25000E-03,-2.50000E-03,+60.13125E-03
+3.37800E-03,+116.56250E-03,-150.87500E-03,-136.87500E-03,+58.10000E-03
+3.39800E-03,+121.87500E-03,-154.31250E-03,-151.87500E-03,+63.41250E-03
+3.41800E-03,+125.31250E-03,-157.43750E-03,-157.50000E-03,+62.63125E-03
+3.43800E-03,+125.62500E-03,-160.56250E-03,-158.12500E-03,+59.66250E-03
+3.45800E-03,+128.43750E-03,-160.87500E-03,-23.12500E-03,+64.97500E-03
+3.47800E-03,+128.75000E-03,-163.68750E-03,-8.12500E-03,+67.00625E-03
+3.49800E-03,+128.75000E-03,-164.00000E-03,-5.31250E-03,+67.16250E-03
+3.51800E-03,+128.75000E-03,-211.81250E-03,-190.62500E-03,+68.56875E-03
+3.53800E-03,+134.37500E-03,-174.93750E-03,-174.68750E-03,+71.53750E-03
+3.55800E-03,+135.00000E-03,-173.06250E-03,-170.62500E-03,+71.85000E-03
+3.57800E-03,+137.81250E-03,-176.18750E-03,-35.62500E-03,+76.06875E-03
+3.59800E-03,+135.31250E-03,-176.50000E-03,-9.37500E-03,+75.13125E-03
+3.61800E-03,+135.00000E-03,-179.31250E-03,-8.12500E-03,+77.78750E-03
+3.63800E-03,+137.81250E-03,-182.43750E-03,-5.31250E-03,+76.69375E-03
+3.65800E-03,+138.12500E-03,-182.75000E-03,-165.31250E-03,+79.35000E-03
+3.67800E-03,+143.75000E-03,-182.75000E-03,-183.12500E-03,+81.06875E-03
+3.69800E-03,+144.37500E-03,-185.56250E-03,-183.12500E-03,+84.03750E-03
+3.71800E-03,+144.37500E-03,-185.87500E-03,-28.43750E-03,+80.13125E-03
+3.73800E-03,+141.56250E-03,-188.68750E-03,-11.25000E-03,+78.25625E-03
+3.75800E-03,+144.06250E-03,-191.81250E-03,-8.43750E-03,+82.31875E-03
+3.77800E-03,+147.18750E-03,-192.12500E-03,-174.06250E-03,+89.81875E-03
+3.79800E-03,+144.68750E-03,-194.93750E-03,-192.50000E-03,+89.19375E-03
+3.81800E-03,+144.37500E-03,-195.25000E-03,-198.12500E-03,+87.63125E-03
+3.83800E-03,+144.37500E-03,-195.25000E-03,-198.75000E-03,+91.69375E-03
+3.85800E-03,+147.18750E-03,-198.06250E-03,-27.18750E-03,+87.94375E-03
+3.87800E-03,+144.68750E-03,-201.18750E-03,-8.12500E-03,+95.91250E-03
+3.89800E-03,+147.18750E-03,-198.68750E-03,-8.12500E-03,+96.85000E-03
+3.91800E-03,+144.68750E-03,-201.18750E-03,-185.31250E-03,+98.25625E-03
+3.93800E-03,+147.18750E-03,-201.50000E-03,-202.18750E-03,+97.00625E-03
+3.95800E-03,+147.50000E-03,-204.31250E-03,-201.87500E-03,+98.25625E-03
+3.97800E-03,+147.50000E-03,-204.62500E-03,-30.31250E-03,+99.81875E-03
+3.99800E-03,+147.50000E-03,-207.43750E-03,-8.43750E-03,+101.38125E-03
+4.01800E-03,+147.50000E-03,-207.75000E-03,-10.93750E-03,+97.31875E-03
+4.03800E-03,+144.68750E-03,-210.56250E-03,-8.43750E-03,+99.66250E-03
+4.05800E-03,+144.37500E-03,-208.06250E-03,-188.12500E-03,+101.38125E-03
+4.07800E-03,+144.37500E-03,-207.75000E-03,-208.12500E-03,+101.53750E-03
+4.09800E-03,+147.18750E-03,-210.56250E-03,-208.12500E-03,+97.31875E-03
+4.11800E-03,+144.68750E-03,-208.06250E-03,-33.75000E-03,+103.88125E-03
+4.13800E-03,+144.37500E-03,-210.56250E-03,-8.75000E-03,+104.66250E-03
+4.15800E-03,+144.37500E-03,-210.87500E-03,-8.12500E-03,+101.85000E-03
+4.17800E-03,+141.56250E-03,-208.06250E-03,-185.31250E-03,+107.16250E-03
+4.19800E-03,+141.25000E-03,-210.56250E-03,-207.81250E-03,+106.38125E-03
+4.21800E-03,+141.25000E-03,-208.06250E-03,-208.12500E-03,+107.63125E-03
+4.23800E-03,+138.43750E-03,-210.56250E-03,-210.93750E-03,+109.19375E-03
+4.25800E-03,+138.12500E-03,-208.06250E-03,-28.43750E-03,+103.72500E-03
+4.27800E-03,+138.12500E-03,-207.75000E-03,-8.12500E-03,+103.10000E-03
+4.29800E-03,+135.31250E-03,-210.56250E-03,-8.12500E-03,+101.69375E-03
+4.31800E-03,+135.00000E-03,-208.06250E-03,-185.31250E-03,+108.56875E-03
+4.33800E-03,+132.18750E-03,-202.12500E-03,-207.81250E-03,+110.75625E-03
+4.35800E-03,+131.87500E-03,-207.12500E-03,-205.31250E-03,+106.69375E-03
+4.37800E-03,+131.87500E-03,-207.75000E-03,-30.62500E-03,+113.25625E-03
+4.39800E-03,+129.06250E-03,-204.93750E-03,-8.43750E-03,+111.22500E-03
+4.41800E-03,+125.93750E-03,-207.43750E-03,-8.12500E-03,+106.69375E-03
+4.43800E-03,+122.81250E-03,-204.93750E-03,-8.12500E-03,+107.63125E-03
+4.45800E-03,+122.50000E-03,-201.81250E-03,-179.68750E-03,+107.78750E-03
+4.47800E-03,+122.50000E-03,-201.50000E-03,-198.75000E-03,+109.19375E-03
+4.49800E-03,+125.31250E-03,-204.31250E-03,-201.56250E-03,+107.94375E-03
+4.51800E-03,+122.81250E-03,-201.81250E-03,-33.12500E-03,+112.00625E-03
+4.53800E-03,+119.68750E-03,-201.50000E-03,-8.75000E-03,+108.25625E-03
+4.55800E-03,+116.56250E-03,-195.87500E-03,-8.12500E-03,+110.60000E-03
+4.57800E-03,+113.43750E-03,-195.25000E-03,-176.87500E-03,+109.50625E-03
+4.59800E-03,+110.31250E-03,-195.25000E-03,-192.81250E-03,+103.72500E-03
+4.61800E-03,+110.00000E-03,-192.43750E-03,-192.50000E-03,+104.50625E-03
+4.63800E-03,+107.18750E-03,-189.31250E-03,-189.68750E-03,+107.47500E-03
+4.65800E-03,+104.06250E-03,-191.81250E-03,-29.06250E-03,+106.38125E-03
+4.67800E-03,+103.75000E-03,-189.31250E-03,-8.43750E-03,+100.60000E-03
+4.69800E-03,+103.75000E-03,-189.00000E-03,-8.12500E-03,+105.60000E-03
+4.71800E-03,+98.12500E-03,-183.37500E-03,-165.62500E-03,+99.19375E-03
+4.73800E-03,+94.68750E-03,-182.75000E-03,-183.12500E-03,+102.63125E-03
+4.75800E-03,+94.37500E-03,-177.12500E-03,-183.12500E-03,+101.69375E-03
+4.77800E-03,+88.75000E-03,-176.50000E-03,-28.43750E-03,+97.31875E-03
+4.79800E-03,+88.12500E-03,-176.50000E-03,-8.43750E-03,+96.85000E-03
+4.81800E-03,+82.50000E-03,-173.68750E-03,-8.12500E-03,+99.66250E-03
+4.83800E-03,+81.87500E-03,-170.56250E-03,-8.12500E-03,+97.16250E-03
+4.85800E-03,+79.06250E-03,-170.25000E-03,-154.37500E-03,+98.25625E-03
+4.87800E-03,+75.93750E-03,-164.62500E-03,-167.81250E-03,+98.41250E-03
+4.89800E-03,+75.62500E-03,-164.00000E-03,-161.87500E-03,+101.22500E-03
+4.91800E-03,+70.00000E-03,-164.00000E-03,-23.43750E-03,+98.72500E-03
+4.93800E-03,+69.37500E-03,-161.18750E-03,-8.12500E-03,+95.60000E-03
+4.95800E-03,+69.37500E-03,-155.25000E-03,-2.50000E-03,+95.28750E-03
+4.97800E-03,+60.93750E-03,-151.81250E-03,-136.87500E-03,+92.47500E-03
+4.99800E-03,+57.18750E-03,-148.68750E-03,-151.87500E-03,+96.38125E-03
+5.01800E-03,+54.06250E-03,-148.37500E-03,-149.06250E-03,+94.03750E-03
+5.03800E-03,+50.93750E-03,-148.37500E-03,-145.93750E-03,+92.31875E-03
+5.05800E-03,+47.81250E-03,-145.56250E-03,-19.06250E-03,+87.94375E-03
+5.07800E-03,+47.50000E-03,-142.43750E-03,-5.00000E-03,+86.06875E-03
+5.09800E-03,+41.87500E-03,-136.50000E-03,-7.81250E-03,+81.69375E-03
+5.11800E-03,+38.43750E-03,-133.06250E-03,-123.43750E-03,+84.03750E-03
+5.13800E-03,+35.31250E-03,-129.93750E-03,-133.43750E-03,+84.35000E-03
+5.15800E-03,+29.37500E-03,-129.62500E-03,-127.50000E-03,+82.94375E-03
+5.17800E-03,+25.93750E-03,-126.81250E-03,-20.00000E-03,+78.56875E-03
+5.19800E-03,+25.62500E-03,-123.68750E-03,-8.12500E-03,+80.91250E-03
+5.21800E-03,+20.00000E-03,-120.56250E-03,-8.12500E-03,+78.41250E-03
+5.23800E-03,+19.37500E-03,-117.43750E-03,-5.31250E-03,+76.69375E-03
+5.25800E-03,+13.75000E-03,-114.31250E-03,-103.43750E-03,+76.53750E-03
+5.27800E-03,+13.12500E-03,-108.37500E-03,-108.75000E-03,+70.91250E-03
+5.29800E-03,+10.31250E-03,-104.93750E-03,-102.50000E-03,+74.50625E-03
+5.31800E-03,+4.37500E-03,-99.00000E-03,-17.50000E-03,+72.16250E-03
+5.33800E-03,+937.50E-06,-95.56250E-03,-5.31250E-03,+67.63125E-03
+5.35800E-03,-5.00000E-03,-95.25000E-03,-2.18750E-03,+72.78750E-03
+5.37800E-03,-8.43750E-03,-89.62500E-03,-83.43750E-03,+67.78750E-03
+5.39800E-03,-8.75000E-03,-89.00000E-03,-86.87500E-03,+62.94375E-03
+5.41800E-03,-17.18750E-03,-86.18750E-03,-83.43750E-03,+65.28750E-03
+5.43800E-03,-18.12500E-03,-80.25000E-03,-80.31250E-03,+64.19375E-03
+5.45800E-03,-20.93750E-03,-76.81250E-03,-15.31250E-03,+52.78750E-03
+5.47800E-03,-24.06250E-03,-73.68750E-03,+312.50E-06,+59.97500E-03
+5.49800E-03,-30.00000E-03,-70.56250E-03,-1.56250E-03,+55.28750E-03
+5.51800E-03,-36.25000E-03,-64.62500E-03,-58.12500E-03,+56.06875E-03
+5.53800E-03,-36.87500E-03,-64.00000E-03,-61.56250E-03,+47.78750E-03
+5.55800E-03,-39.68750E-03,-58.37500E-03,-58.43750E-03,+53.88125E-03
+5.57800E-03,-42.81250E-03,-52.12500E-03,-10.31250E-03,+47.63125E-03
+5.59800E-03,-48.75000E-03,-48.68750E-03,-5.00000E-03,+48.25625E-03
+5.61800E-03,-49.37500E-03,-48.37500E-03,-5.00000E-03,+47.00625E-03
+5.63800E-03,-52.18750E-03,-39.93750E-03,-5.00000E-03,+44.03750E-03
+5.65800E-03,-44.06250E-03,-36.18750E-03,-33.12500E-03,+40.91250E-03
+5.67800E-03,-45.93750E-03,-33.06250E-03,-36.25000E-03,+42.00625E-03
+5.69800E-03,-40.62500E-03,-29.93750E-03,-30.62500E-03,+44.97500E-03
+5.71800E-03,-34.37500E-03,-29.62500E-03,-7.50000E-03,+36.85000E-03
+5.73800E-03,-33.75000E-03,-24.00000E-03,-5.00000E-03,+33.10000E-03
+5.75800E-03,-30.93750E-03,-20.56250E-03,-2.18750E-03,+28.56875E-03
+5.77800E-03,-30.62500E-03,-14.62500E-03,-13.12500E-03,+28.10000E-03
+5.79800E-03,-22.18750E-03,-8.37500E-03,-11.56250E-03,+29.50625E-03
+5.81800E-03,-21.25000E-03,-7.75000E-03,-8.43750E-03,+26.85000E-03
+5.83800E-03,-15.62500E-03,-4.93750E-03,-8.12500E-03,+27.94375E-03
+5.85800E-03,-9.37500E-03,-4.62500E-03,-2.50000E-03,+21.06875E-03
+5.87800E-03,-5.93750E-03,-4.62500E-03,-4.68750E-03,+18.88125E-03
+5.89800E-03,-5.62500E-03,-7.43750E-03,-2.18750E-03,+17.31875E-03
+5.91800E-03,+0.0E+00,-10.56250E-03,-13.12500E-03,+15.75625E-03
+5.93800E-03,+3.43750E-03,-13.68750E-03,-17.18750E-03,+12.78750E-03
+5.95800E-03,+6.56250E-03,-19.62500E-03,-17.50000E-03,+18.10000E-03
+5.97800E-03,+9.68750E-03,-20.25000E-03,-6.25000E-03,+14.50625E-03
+5.99800E-03,+12.81250E-03,-25.87500E-03,-2.18750E-03,+5.60000E-03
+6.01800E-03,+18.75000E-03,-32.12500E-03,-1.87500E-03,+8.88125E-03
+6.03800E-03,+19.37500E-03,-35.56250E-03,-4.68750E-03,+9.35000E-03
+6.05800E-03,+22.18750E-03,-38.68750E-03,-33.12500E-03,+9.35000E-03
+6.07800E-03,+28.12500E-03,-41.81250E-03,-41.87500E-03,+2.31875E-03
+6.09800E-03,+31.56250E-03,-47.75000E-03,-45.31250E-03,+4.35000E-03
+6.11800E-03,+34.68750E-03,-48.37500E-03,-9.06250E-03,+3.25625E-03
+6.13800E-03,+37.81250E-03,-51.18750E-03,-5.00000E-03,+5.91250E-03
+6.15800E-03,+38.12500E-03,-54.31250E-03,-5.00000E-03,+3.41250E-03
+6.17800E-03,+40.93750E-03,-60.25000E-03,-55.62500E-03,+8.72500E-03
+6.19800E-03,+46.87500E-03,-63.68750E-03,-64.06250E-03,+12.16250E-03
+6.21800E-03,+47.50000E-03,-66.81250E-03,-67.18750E-03,+18.10000E-03
+6.23800E-03,+53.12500E-03,-72.75000E-03,-70.31250E-03,+20.13125E-03
+6.25800E-03,+59.37500E-03,-73.37500E-03,-11.56250E-03,+11.85000E-03
+6.27800E-03,+60.00000E-03,-79.00000E-03,-7.81250E-03,+16.53750E-03
+6.29800E-03,+62.81250E-03,-88.06250E-03,-5.31250E-03,+19.97500E-03
+6.31800E-03,+63.12500E-03,-86.18750E-03,-78.12500E-03,+25.91250E-03
+6.33800E-03,+65.93750E-03,-91.50000E-03,-89.06250E-03,+20.91250E-03
+6.35800E-03,+71.87500E-03,-94.93750E-03,-92.18750E-03,+25.91250E-03
+6.37800E-03,+75.31250E-03,-98.06250E-03,-13.75000E-03,+26.53750E-03
+6.39800E-03,+78.43750E-03,-98.37500E-03,-5.00000E-03,+26.53750E-03
+6.41800E-03,+78.75000E-03,-106.81250E-03,-5.00000E-03,+25.13125E-03
+6.43800E-03,+84.37500E-03,-110.56250E-03,-2.18750E-03,+29.19375E-03
+6.45800E-03,+85.00000E-03,-110.87500E-03,-100.31250E-03,+29.66250E-03
+6.47800E-03,+87.81250E-03,-116.50000E-03,-116.87500E-03,+38.10000E-03
+6.49800E-03,+93.75000E-03,-119.93750E-03,-120.31250E-03,+43.25625E-03
+6.51800E-03,+94.37500E-03,-123.06250E-03,-19.37500E-03,+38.10000E-03
+6.53800E-03,+97.18750E-03,-123.37500E-03,-2.50000E-03,+44.50625E-03
+6.55800E-03,+97.50000E-03,-126.18750E-03,-7.50000E-03,+50.91250E-03
+6.57800E-03,+100.31250E-03,-129.31250E-03,-120.62500E-03,+51.53750E-03
+6.59800E-03,+103.43750E-03,-135.25000E-03,-135.93750E-03,+47.31875E-03
+6.61800E-03,+103.75000E-03,-135.87500E-03,-136.25000E-03,+46.85000E-03
+6.63800E-03,+106.56250E-03,-141.50000E-03,-139.06250E-03,+53.88125E-03
+6.65800E-03,+109.68750E-03,-142.12500E-03,-21.25000E-03,+51.85000E-03
+6.67800E-03,+110.00000E-03,-147.75000E-03,-8.12500E-03,+55.75625E-03
+6.69800E-03,+112.81250E-03,-148.37500E-03,-8.12500E-03,+60.44375E-03
+6.71800E-03,+113.12500E-03,-151.18750E-03,-137.50000E-03,+62.31875E-03
+6.73800E-03,+115.93750E-03,-151.50000E-03,-151.87500E-03,+59.66250E-03
+6.75800E-03,+116.25000E-03,-154.31250E-03,-157.50000E-03,+70.60000E-03
+6.77800E-03,+124.68750E-03,-157.43750E-03,-25.93750E-03,+67.63125E-03
+6.79800E-03,+125.62500E-03,-163.37500E-03,-8.43750E-03,+68.56875E-03
+6.81800E-03,+125.62500E-03,-164.00000E-03,-5.31250E-03,+65.91250E-03
+6.83800E-03,+125.62500E-03,-161.18750E-03,+3.43750E-03,+72.63125E-03
+6.85800E-03,+128.43750E-03,-166.50000E-03,-153.12500E-03,+67.78750E-03
+6.87800E-03,+128.75000E-03,-169.93750E-03,-170.62500E-03,+72.78750E-03
+6.89800E-03,+128.75000E-03,-173.06250E-03,-170.62500E-03,+74.81875E-03
+6.91800E-03,+128.75000E-03,-176.18750E-03,-27.18750E-03,+74.97500E-03
+6.93800E-03,+131.56250E-03,-179.31250E-03,-5.62500E-03,+82.00625E-03
+6.95800E-03,+131.87500E-03,-179.62500E-03,-7.81250E-03,+77.16250E-03
+6.97800E-03,+131.87500E-03,-179.62500E-03,-165.62500E-03,+75.13125E-03
+6.99800E-03,+134.68750E-03,-182.43750E-03,-180.31250E-03,+82.00625E-03
+7.01800E-03,+135.00000E-03,-185.56250E-03,-185.62500E-03,+82.78750E-03
+7.03800E-03,+135.00000E-03,-185.87500E-03,-189.06250E-03,+79.97500E-03
+7.05800E-03,+137.81250E-03,-188.68750E-03,-26.25000E-03,+85.28750E-03
+7.07800E-03,+135.31250E-03,-191.81250E-03,-10.93750E-03,+85.91250E-03
+7.09800E-03,+140.62500E-03,-192.12500E-03,-8.43750E-03,+88.72500E-03
+7.11800E-03,+138.43750E-03,-189.31250E-03,-174.06250E-03,+94.66250E-03
+7.13800E-03,+140.93750E-03,-197.43750E-03,-195.31250E-03,+88.25625E-03
+7.15800E-03,+141.25000E-03,-195.56250E-03,-195.62500E-03,+87.47500E-03
+7.17800E-03,+138.43750E-03,-192.43750E-03,-29.68750E-03,+91.69375E-03
+7.19800E-03,+140.93750E-03,-197.75000E-03,-8.43750E-03,+90.75625E-03
+7.21800E-03,+144.06250E-03,-198.37500E-03,-8.12500E-03,+93.41250E-03
+7.23800E-03,+141.56250E-03,-204.00000E-03,+8.75000E-03,+95.13125E-03
+7.25800E-03,+141.25000E-03,-201.81250E-03,-180.62500E-03,+89.66250E-03
+7.27800E-03,+141.25000E-03,-204.31250E-03,-201.87500E-03,+101.69375E-03
+7.29800E-03,+138.43750E-03,-204.62500E-03,-201.87500E-03,+98.88125E-03
+7.31800E-03,+140.93750E-03,-207.43750E-03,-30.31250E-03,+97.00625E-03
+7.33800E-03,+141.25000E-03,-207.75000E-03,-8.43750E-03,+98.25625E-03
+7.35800E-03,+141.25000E-03,-204.93750E-03,-5.31250E-03,+99.81875E-03
+7.37800E-03,+138.43750E-03,-204.62500E-03,-182.18750E-03,+104.19375E-03
+7.39800E-03,+140.93750E-03,-210.25000E-03,-207.50000E-03,+106.06875E-03
+7.41800E-03,+138.43750E-03,-205.25000E-03,-205.31250E-03,+103.41250E-03
+7.43800E-03,+138.12500E-03,-207.43750E-03,-205.00000E-03,+100.28750E-03
+7.45800E-03,+138.12500E-03,-207.75000E-03,-27.81250E-03,+98.56875E-03
+7.47800E-03,+138.12500E-03,-204.93750E-03,-8.12500E-03,+98.41250E-03
+7.49800E-03,+135.31250E-03,-207.43750E-03,-10.93750E-03,+105.44375E-03
+7.51800E-03,+135.00000E-03,-204.93750E-03,-191.25000E-03,+102.00625E-03
+7.53800E-03,+132.18750E-03,-213.06250E-03,-208.43750E-03,+104.35000E-03
+7.55800E-03,+134.68750E-03,-211.18750E-03,-205.31250E-03,+110.28750E-03
+7.57800E-03,+135.00000E-03,-208.06250E-03,-30.62500E-03,+108.10000E-03
+7.59800E-03,+132.18750E-03,-210.56250E-03,-8.43750E-03,+114.81875E-03
+7.61800E-03,+134.68750E-03,-208.06250E-03,-8.12500E-03,+105.75625E-03
+7.63800E-03,+129.37500E-03,-207.75000E-03,-78.43750E-03,+106.06875E-03
+7.65800E-03,+125.93750E-03,-204.93750E-03,-193.12500E-03,+106.22500E-03
+7.67800E-03,+128.43750E-03,-204.62500E-03,-205.00000E-03,+109.03750E-03
+7.69800E-03,+125.93750E-03,-204.62500E-03,-205.00000E-03,+116.38125E-03
+7.71800E-03,+125.62500E-03,-201.81250E-03,-30.62500E-03,+110.13125E-03
+7.73800E-03,+122.81250E-03,-207.12500E-03,-8.43750E-03,+105.13125E-03
+7.75800E-03,+116.87500E-03,-204.93750E-03,-8.12500E-03,+100.44375E-03
+7.77800E-03,+121.87500E-03,-204.62500E-03,-182.50000E-03,+112.63125E-03
+7.79800E-03,+119.68750E-03,-201.81250E-03,-201.87500E-03,+112.63125E-03
+7.81800E-03,+116.56250E-03,-201.50000E-03,-199.06250E-03,+111.06875E-03
+7.83800E-03,+113.43750E-03,-198.68750E-03,-198.75000E-03,+110.91250E-03
+7.85800E-03,+113.12500E-03,-198.37500E-03,-30.00000E-03,+112.31875E-03
+7.87800E-03,+110.31250E-03,-195.56250E-03,-8.43750E-03,+109.66250E-03
+7.89800E-03,+107.18750E-03,-195.25000E-03,-5.31250E-03,+102.31875E-03
+7.91800E-03,+106.87500E-03,-192.43750E-03,-176.56250E-03,+104.35000E-03
+7.93800E-03,+104.06250E-03,-192.12500E-03,-190.00000E-03,+110.28750E-03
+7.95800E-03,+103.75000E-03,-192.12500E-03,-189.37500E-03,+112.31875E-03
+7.97800E-03,+98.12500E-03,-186.50000E-03,-29.06250E-03,+109.66250E-03
+7.99800E-03,+94.68750E-03,-188.68750E-03,-8.43750E-03,+110.75625E-03
+8.01800E-03,+94.37500E-03,-186.18750E-03,-8.12500E-03,+103.88125E-03
+8.03800E-03,+91.56250E-03,-185.87500E-03,-41.87500E-03,+101.69375E-03
+8.05800E-03,+88.43750E-03,-185.87500E-03,-166.56250E-03,+100.13125E-03
+8.07800E-03,+85.31250E-03,-180.25000E-03,-177.18750E-03,+98.56875E-03
+8.09800E-03,+85.00000E-03,-179.62500E-03,-179.68750E-03,+104.03750E-03
+8.11800E-03,+85.00000E-03,-176.81250E-03,-28.12500E-03,+100.44375E-03
+8.13800E-03,+79.37500E-03,-176.50000E-03,-11.25000E-03,+107.00625E-03
+8.15800E-03,+75.93750E-03,-173.68750E-03,-8.43750E-03,+97.94375E-03
+8.17800E-03,+75.62500E-03,-167.75000E-03,-148.75000E-03,+102.47500E-03
+8.19800E-03,+72.81250E-03,-167.12500E-03,-164.37500E-03,+103.10000E-03
+8.21800E-03,+66.87500E-03,-161.50000E-03,-164.37500E-03,+103.10000E-03
+8.23800E-03,+63.43750E-03,-160.87500E-03,-164.37500E-03,+96.06875E-03
+8.25800E-03,+60.31250E-03,-163.68750E-03,-26.56250E-03,+92.47500E-03
+8.27800E-03,+60.00000E-03,-158.37500E-03,-8.43750E-03,+99.19375E-03
+8.29800E-03,+57.18750E-03,-152.12500E-03,-5.31250E-03,+95.75625E-03
+8.31800E-03,+51.25000E-03,-151.50000E-03,-134.37500E-03,+98.10000E-03
+8.33800E-03,+50.62500E-03,-148.68750E-03,-148.75000E-03,+98.41250E-03
+8.35800E-03,+47.81250E-03,-145.56250E-03,-148.75000E-03,+94.19375E-03
+8.37800E-03,+39.06250E-03,-145.25000E-03,-25.00000E-03,+93.72500E-03
+8.39800E-03,+40.93750E-03,-142.43750E-03,-5.62500E-03,+92.31875E-03
+8.41800E-03,+38.43750E-03,-139.31250E-03,-7.81250E-03,+89.35000E-03
+8.43800E-03,+35.31250E-03,-139.00000E-03,+3.12500E-03,+86.22500E-03
+8.45800E-03,+32.18750E-03,-133.37500E-03,-119.37500E-03,+87.31875E-03
+8.47800E-03,+26.25000E-03,-127.12500E-03,-130.31250E-03,+87.47500E-03
+8.49800E-03,+22.81250E-03,-126.50000E-03,-127.18750E-03,+79.03750E-03
+8.51800E-03,+19.68750E-03,-120.87500E-03,-20.00000E-03,+82.31875E-03
+8.53800E-03,+19.37500E-03,-120.25000E-03,-5.31250E-03,+75.75625E-03
+8.55800E-03,+10.93750E-03,-117.43750E-03,-7.81250E-03,+80.60000E-03
+8.57800E-03,+10.00000E-03,-111.50000E-03,-103.75000E-03,+78.41250E-03
+8.59800E-03,+7.18750E-03,-110.87500E-03,-108.75000E-03,+82.31875E-03
+8.61800E-03,+4.06250E-03,-105.25000E-03,-105.31250E-03,+77.16250E-03
+8.63800E-03,-1.87500E-03,-101.81250E-03,-102.18750E-03,+73.72500E-03
+8.65800E-03,-5.31250E-03,-98.68750E-03,-17.50000E-03,+74.81875E-03
+8.67800E-03,-8.43750E-03,-95.56250E-03,-8.12500E-03,+76.38125E-03
+8.69800E-03,-14.37500E-03,-92.43750E-03,-8.12500E-03,+70.91250E-03
+8.71800E-03,-15.00000E-03,-89.31250E-03,-78.43750E-03,+67.47500E-03
+8.73800E-03,-20.62500E-03,-86.18750E-03,-83.43750E-03,+72.78750E-03
+8.75800E-03,-21.25000E-03,-80.25000E-03,-83.12500E-03,+59.35000E-03
+8.77800E-03,-24.06250E-03,-76.81250E-03,-15.62500E-03,+62.00625E-03
+8.79800E-03,-27.18750E-03,-73.68750E-03,-5.31250E-03,+61.06875E-03
+8.81800E-03,-33.12500E-03,-67.75000E-03,-5.00000E-03,+53.88125E-03
+8.83800E-03,-39.37500E-03,-61.50000E-03,+11.87500E-03,+54.50625E-03
+8.85800E-03,-40.00000E-03,-60.87500E-03,-59.37500E-03,+53.25625E-03
+8.87800E-03,-42.81250E-03,-58.06250E-03,-59.06250E-03,+55.91250E-03
+8.89800E-03,-45.93750E-03,-52.12500E-03,-58.12500E-03,+53.41250E-03
+8.91800E-03,-49.06250E-03,-51.50000E-03,-10.31250E-03,+54.50625E-03
+8.93800E-03,-55.00000E-03,-48.68750E-03,-7.81250E-03,+42.00625E-03
+8.95800E-03,-61.25000E-03,-45.56250E-03,-5.31250E-03,+42.00625E-03
+8.97800E-03,-61.87500E-03,-39.62500E-03,-35.93750E-03,+40.75625E-03
+8.99800E-03,-64.68750E-03,-33.37500E-03,-36.56250E-03,+42.00625E-03
+9.01800E-03,-67.81250E-03,-29.93750E-03,-30.62500E-03,+36.53750E-03
+9.03800E-03,-70.93750E-03,-29.62500E-03,-30.00000E-03,+40.13125E-03
+9.05800E-03,-79.68750E-03,-24.00000E-03,-4.68750E-03,+39.19375E-03
+9.07800E-03,-80.62500E-03,-20.56250E-03,-4.68750E-03,+33.41250E-03
+9.09800E-03,-83.43750E-03,-14.62500E-03,-5.00000E-03,+31.38125E-03
+9.11800E-03,-89.37500E-03,-11.18750E-03,-13.43750E-03,+31.22500E-03
+9.13800E-03,-92.81250E-03,-5.25000E-03,-11.56250E-03,+32.63125E-03
+9.15800E-03,-95.93750E-03,-4.62500E-03,-8.43750E-03,+25.75625E-03
+9.17800E-03,-99.06250E-03,+1.00000E-03,-5.31250E-03,+22.16250E-03
+9.19800E-03,-102.18750E-03,+4.43750E-03,-5.00000E-03,+21.85000E-03
+9.21800E-03,-105.31250E-03,+7.56250E-03,-2.18750E-03,+17.63125E-03
+9.23800E-03,-111.25000E-03,+13.50000E-03,-1.87500E-03,+21.38125E-03
+9.25800E-03,-111.87500E-03,+16.93750E-03,+9.37500E-03,+14.81875E-03
+9.27800E-03,-114.68750E-03,+17.25000E-03,+19.06250E-03,+19.66250E-03
+9.29800E-03,-117.81250E-03,+22.87500E-03,+20.00000E-03,+9.03750E-03
+9.31800E-03,-126.56250E-03,+26.31250E-03,-2.50000E-03,+12.00625E-03
+9.33800E-03,-130.31250E-03,+32.25000E-03,-2.18750E-03,+5.44375E-03
+9.35800E-03,-130.62500E-03,+35.68750E-03,-4.68750E-03,+8.88125E-03
+9.37800E-03,-139.06250E-03,+38.81250E-03,+31.56250E-03,+3.72500E-03
+9.39800E-03,-137.18750E-03,+41.93750E-03,+41.25000E-03,-1.11875E-03
+9.41800E-03,-142.50000E-03,+47.87500E-03,+41.87500E-03,-4.40000E-03
+9.43800E-03,-145.93750E-03,+51.31250E-03,+47.50000E-03,-3.30625E-03
+9.45800E-03,-149.06250E-03,+54.43750E-03,+312.50E-06,-5.96250E-03
+9.47800E-03,-152.18750E-03,+57.56250E-03,-5.00000E-03,-6.27500E-03
+9.49800E-03,-155.31250E-03,+63.50000E-03,-5.00000E-03,-10.49375E-03
+9.51800E-03,-158.43750E-03,+66.93750E-03,+56.87500E-03,-10.96250E-03
+9.53800E-03,-158.75000E-03,+70.06250E-03,+66.56250E-03,-10.96250E-03
+9.55800E-03,-164.37500E-03,+73.18750E-03,+72.50000E-03,-19.40000E-03
+9.57800E-03,-167.81250E-03,+76.31250E-03,+8.43750E-03,-16.11875E-03
+9.59800E-03,-170.93750E-03,+79.43750E-03,+1.25000E-03,-17.05625E-03
+9.61800E-03,-174.06250E-03,+82.56250E-03,-4.37500E-03,-18.61875E-03
+9.63800E-03,-177.18750E-03,+85.68750E-03,-5.00000E-03,-30.02500E-03
+9.65800E-03,-180.31250E-03,+91.62500E-03,+79.37500E-03,-27.05625E-03
+9.67800E-03,-180.62500E-03,+95.06250E-03,+91.56250E-03,-22.36875E-03
+9.69800E-03,-186.25000E-03,+98.18750E-03,+94.68750E-03,-27.52500E-03
+9.71800E-03,-186.87500E-03,+101.31250E-03,+10.62500E-03,-28.15000E-03
+9.73800E-03,-192.50000E-03,+107.25000E-03,+1.25000E-03,-35.18125E-03
+9.75800E-03,-193.12500E-03,+107.87500E-03,-1.56250E-03,-34.55625E-03
+9.77800E-03,-195.93750E-03,+110.68750E-03,+99.37500E-03,-40.02500E-03
+9.79800E-03,-199.06250E-03,+113.81250E-03,+113.43750E-03,-43.46250E-03
+9.81800E-03,-199.37500E-03,+119.75000E-03,+116.56250E-03,-42.36875E-03
+9.83800E-03,-202.18750E-03,+126.00000E-03,+116.87500E-03,-40.80625E-03
+9.85800E-03,-205.31250E-03,+126.62500E-03,+12.81250E-03,-47.68125E-03
+9.87800E-03,-208.43750E-03,+126.62500E-03,+1.25000E-03,-44.24375E-03
+9.89800E-03,-208.75000E-03,+129.43750E-03,+1.25000E-03,-43.77500E-03
+9.91800E-03,-211.56250E-03,+132.56250E-03,+119.37500E-03,-55.02500E-03
+9.93800E-03,-214.68750E-03,+138.50000E-03,+135.31250E-03,-52.05625E-03
+9.95800E-03,-217.81250E-03,+141.93750E-03,+141.25000E-03,-57.21250E-03
+9.97800E-03,-220.93750E-03,+145.06250E-03,+15.31250E-03,-53.61875E-03
+9.99800E-03,-221.25000E-03,+148.18750E-03,+1.25000E-03,-57.36875E-03
