second,Volt1,Volt2,Volt3,Volt4
-4.9843E-03,+47.3125E-03,-3.1250E-03,+1.2000E-03,-25.4375E-03
-4.9743E-03,+53.5625E-03,-3.1250E-03,+1.2000E-03,-31.6875E-03
-4.9643E-03,+59.8125E-03,-3.1250E-03,+1.2000E-03,-32.5938E-03
-4.9543E-03,+67.8438E-03,-4.9063E-03,+2.9813E-03,-33.0313E-03
-4.9443E-03,+73.6563E-03,-4.4688E-03,+2.5438E-03,-32.5938E-03
-4.9343E-03,+80.3438E-03,-3.1250E-03,-2.3625E-03,-31.2500E-03
-4.9243E-03,+87.9375E-03,-3.1250E-03,-5.0500E-03,-27.6875E-03
-4.9143E-03,+94.1875E-03,-3.1250E-03,-5.0500E-03,-26.7813E-03
-4.9043E-03,+95.0938E-03,-1.3438E-03,-3.2688E-03,-21.0000E-03
-4.8943E-03,+97.3125E-03,-1.7813E-03,-1.9250E-03,-20.9688E-03
-4.8843E-03,+101.7813E-03,-4.9063E-03,-3.7063E-03,-26.7813E-03
-4.8743E-03,+103.1250E-03,-6.2500E-03,-3.2688E-03,-26.3438E-03
-4.8643E-03,+103.1250E-03,-8.0313E-03,-3.7063E-03,-21.4375E-03
-4.8543E-03,+103.1250E-03,-12.9375E-03,-3.2688E-03,-18.7500E-03
-4.8443E-03,+103.1250E-03,-15.6250E-03,-1.9250E-03,-15.1875E-03
-4.8343E-03,+99.5625E-03,-15.6250E-03,-143.7E-06,-10.7188E-03
-4.8243E-03,+95.0938E-03,-19.1875E-03,-11.2688E-03,-9.3750E-03
-4.8143E-03,+88.4063E-03,-23.6563E-03,-20.6750E-03,-9.3750E-03
-4.8043E-03,+82.5938E-03,-26.7813E-03,-20.6750E-03,-11.1563E-03
-4.7943E-03,+81.2500E-03,-33.4688E-03,-18.8938E-03,-12.5000E-03
-4.7843E-03,+75.9063E-03,-39.2813E-03,-10.4250E-03,-8.9375E-03
-4.7743E-03,+68.3125E-03,-45.9688E-03,-5.0500E-03,-4.4688E-03
-4.7643E-03,+58.5000E-03,-53.5625E-03,-5.0500E-03,-6.6875E-03
-4.7543E-03,+47.7813E-03,-59.8125E-03,-3.2688E-03,-7.5938E-03
-4.7443E-03,+41.9688E-03,-66.0625E-03,-41.1125E-03,-2.6875E-03
-4.7343E-03,+35.2813E-03,-72.3125E-03,-68.8938E-03,+1.7813E-03
-4.7243E-03,+25.9063E-03,-78.5625E-03,-65.7688E-03,+1.3438E-03
-4.7143E-03,+20.0938E-03,-83.0313E-03,-64.4250E-03,+0.0E+00
-4.7043E-03,+13.4063E-03,-87.9375E-03,-32.3625E-03,+0.0E+00
-4.6943E-03,+4.0313E-03,-94.1875E-03,-6.3938E-03,+3.5625E-03
-4.6843E-03,-1.7813E-03,-98.6563E-03,-3.2688E-03,+906.3E-06
-4.6743E-03,-3.1250E-03,-101.7813E-03,-5.4875E-03,-3.1250E-03
-4.6643E-03,-6.6875E-03,-106.6875E-03,-66.9563E-03,-3.1250E-03
-4.6543E-03,-9.3750E-03,-111.1563E-03,-109.5188E-03,-3.1250E-03
-4.6443E-03,-11.1563E-03,-114.2813E-03,-108.1750E-03,+437.5E-06
-4.6343E-03,-12.5000E-03,-115.6250E-03,-108.1750E-03,+1.3438E-03
-4.6243E-03,-8.9375E-03,-113.8438E-03,-56.5188E-03,+1.7813E-03
-4.6143E-03,-4.4688E-03,-112.5000E-03,-12.2063E-03,+3.1250E-03
-4.6043E-03,-1.3438E-03,-110.7188E-03,-8.1750E-03,+6.6875E-03
-4.5943E-03,+7.1250E-03,-107.5938E-03,-6.3938E-03,+2.2500E-03
-4.5843E-03,+14.2813E-03,-104.4688E-03,+7.4188E-03,+4.0000E-03
-4.5743E-03,+20.9688E-03,-101.3438E-03,-47.3000E-03,+11.1563E-03
-4.5643E-03,+32.1250E-03,-96.4375E-03,-97.4563E-03,+12.5000E-03
-4.5543E-03,+42.8438E-03,-88.4063E-03,-97.0188E-03,+10.7188E-03
-4.5443E-03,+54.0000E-03,-80.8125E-03,-95.6750E-03,+11.1563E-03
-4.5343E-03,+66.5000E-03,-74.5625E-03,-47.5813E-03,+14.2813E-03
-4.5243E-03,+80.7813E-03,-66.5313E-03,-9.5188E-03,+22.7500E-03
-4.5143E-03,+94.6250E-03,-57.1563E-03,-6.3938E-03,+28.1250E-03
-4.5043E-03,+108.9063E-03,-49.5625E-03,-6.8313E-03,+26.3438E-03
-4.4943E-03,+122.7500E-03,-41.5313E-03,-27.7688E-03,+26.7813E-03
-4.4843E-03,+133.4688E-03,-37.5000E-03,-44.3313E-03,+31.6875E-03
-4.4743E-03,+146.4063E-03,-32.1563E-03,-43.8938E-03,+34.3750E-03
-4.4643E-03,+158.4688E-03,-22.7813E-03,-42.5500E-03,+37.9375E-03
-4.4543E-03,+169.6250E-03,-16.9688E-03,-19.3938E-03,+42.4063E-03
-4.4443E-03,+178.5625E-03,-13.8438E-03,-3.7063E-03,+40.1875E-03
-4.4343E-03,+186.5938E-03,-8.9375E-03,-5.0500E-03,+41.0625E-03
-4.4243E-03,+194.1875E-03,-8.0313E-03,-5.0500E-03,+41.9688E-03
-4.4143E-03,+202.2188E-03,-7.5938E-03,-8.6125E-03,+47.7500E-03
-4.4043E-03,+206.2500E-03,-9.8125E-03,-9.5188E-03,+53.1250E-03
-4.3943E-03,+208.0313E-03,-10.7188E-03,-6.3938E-03,+51.3438E-03
-4.3843E-03,+209.3750E-03,-11.1563E-03,-5.0500E-03,+50.0000E-03
-4.3743E-03,+209.3750E-03,-16.0625E-03,-5.0500E-03,+51.7813E-03
-4.3643E-03,+205.8125E-03,-22.3125E-03,-3.2688E-03,+54.9063E-03
-4.3543E-03,+201.3438E-03,-30.3438E-03,-1.9250E-03,+52.6875E-03
-4.3443E-03,+194.6563E-03,-37.9375E-03,-3.7063E-03,+44.6563E-03
-4.3343E-03,+188.8438E-03,-45.9688E-03,-31.7688E-03,+44.1875E-03
-4.3243E-03,+180.3750E-03,-58.9063E-03,-48.3625E-03,+50.4375E-03
-4.3143E-03,+167.8750E-03,-69.1875E-03,-49.2375E-03,+46.0000E-03
-4.3043E-03,+155.3750E-03,-80.7813E-03,-51.9250E-03,+37.0625E-03
-4.2943E-03,+142.8750E-03,-92.8438E-03,-26.9875E-03,+36.1563E-03
-4.2843E-03,+132.1563E-03,-104.0000E-03,-8.1750E-03,+35.7188E-03
-4.2743E-03,+119.2188E-03,-118.2813E-03,-6.3938E-03,+34.3750E-03
-4.2643E-03,+103.5938E-03,-132.1250E-03,-3.2688E-03,+34.3750E-03
-4.2543E-03,+87.9688E-03,-144.6250E-03,-85.6438E-03,+25.4688E-03
-4.2443E-03,+75.9063E-03,-157.1250E-03,-148.8000E-03,+16.9688E-03
-4.2343E-03,+61.1875E-03,-167.8438E-03,-147.0188E-03,+13.8438E-03
-4.2243E-03,+46.0000E-03,-179.0000E-03,-147.4563E-03,+14.2813E-03
-4.2143E-03,+31.7188E-03,-189.7188E-03,-68.6438E-03,+15.6250E-03
-4.2043E-03,+23.2188E-03,-197.3125E-03,-8.1750E-03,+10.2813E-03
-4.1943E-03,+16.5313E-03,-205.3438E-03,-8.1750E-03,+4.4688E-03
-4.1843E-03,+5.3750E-03,-211.1563E-03,-6.3938E-03,+1.3438E-03
-4.1743E-03,+0.0E+00,-217.8438E-03,-126.1750E-03,+1.7813E-03
-4.1643E-03,-5.3438E-03,-221.8750E-03,-213.9875E-03,+4.9063E-03
-4.1543E-03,-9.3750E-03,-221.8750E-03,-211.3000E-03,+6.2500E-03
-4.1443E-03,-9.3750E-03,-221.8750E-03,-211.3000E-03,+8.0313E-03
-4.1343E-03,-9.3750E-03,-212.9688E-03,-213.0813E-03,+7.5938E-03
-4.1243E-03,-5.8125E-03,-211.5938E-03,-96.8625E-03,+6.2500E-03
-4.1143E-03,-1.3438E-03,-212.0625E-03,-9.9563E-03,+9.8125E-03
-4.1043E-03,+5.3438E-03,-204.0313E-03,-11.3000E-03,+10.7188E-03
-4.0943E-03,+12.9375E-03,-196.4375E-03,-9.5188E-03,+11.1563E-03
-4.0843E-03,+20.9688E-03,-186.6250E-03,-107.9250E-03,+17.8438E-03
-4.0743E-03,+32.1250E-03,-175.9063E-03,-184.9563E-03,+23.6563E-03
-4.0643E-03,+44.6250E-03,-162.9688E-03,-184.5188E-03,+30.3438E-03
-4.0543E-03,+58.9063E-03,-150.9063E-03,-183.1750E-03,+36.1563E-03
-4.0443E-03,+70.9688E-03,-137.9688E-03,-83.4250E-03,+41.0625E-03
-4.0343E-03,+85.6875E-03,-124.1250E-03,-8.1750E-03,+45.5313E-03
-4.0243E-03,+100.8750E-03,-108.0625E-03,-9.9563E-03,+52.2188E-03
-4.0143E-03,+115.1563E-03,-92.8750E-03,-7.7375E-03,+61.5938E-03
-4.0043E-03,+132.5625E-03,-82.1563E-03,-47.8000E-03,+67.4063E-03
-3.9943E-03,+147.7500E-03,-71.0000E-03,-80.0500E-03,+72.3125E-03
-3.9843E-03,+162.0313E-03,-56.7188E-03,-78.2688E-03,+76.7813E-03
-3.9743E-03,+174.0938E-03,-44.6563E-03,-78.7063E-03,+83.4688E-03
-3.9643E-03,+187.0313E-03,-37.0625E-03,-39.0813E-03,+87.5000E-03
-3.9543E-03,+200.8750E-03,-29.0313E-03,-6.3938E-03,+87.5000E-03
-3.9443E-03,+209.8125E-03,-21.4375E-03,-5.0500E-03,+94.6250E-03
-3.9343E-03,+217.8438E-03,-15.1875E-03,-5.0500E-03,+100.0000E-03
-3.9243E-03,+225.4375E-03,-10.7188E-03,-13.9563E-03,+101.7813E-03
-3.9143E-03,+229.9063E-03,-9.3750E-03,-15.3313E-03,+104.9063E-03
-3.9043E-03,+233.0313E-03,-11.1563E-03,-11.3000E-03,+102.6875E-03
-3.8943E-03,+234.3750E-03,-14.2813E-03,-11.3000E-03,+105.3438E-03
-3.8843E-03,+234.3750E-03,-15.6250E-03,-7.7375E-03,+109.3750E-03
-3.8743E-03,+229.0313E-03,-20.9688E-03,-5.0500E-03,+107.5938E-03
-3.8643E-03,+223.2188E-03,-28.5625E-03,-5.0500E-03,+106.2500E-03
-3.8543E-03,+216.5313E-03,-38.3750E-03,-5.0500E-03,+100.9063E-03
-3.8443E-03,+208.9375E-03,-49.0938E-03,-31.7688E-03,+98.6563E-03
-3.8343E-03,+200.9063E-03,-58.4688E-03,-51.9250E-03,+91.0938E-03
-3.8243E-03,+186.1875E-03,-71.4063E-03,-53.7063E-03,+86.1563E-03
-3.8143E-03,+174.5625E-03,-87.0313E-03,-53.2688E-03,+82.1563E-03
-3.8043E-03,+166.5313E-03,-100.8750E-03,-26.9875E-03,+72.7813E-03
-3.7943E-03,+150.0313E-03,-115.1563E-03,-4.6125E-03,+68.7500E-03
-3.7843E-03,+131.7188E-03,-132.5625E-03,-3.7063E-03,+66.9688E-03
-3.7743E-03,+116.0938E-03,-147.7500E-03,-3.2688E-03,+60.2813E-03
-3.7643E-03,+100.4688E-03,-162.0313E-03,-92.7688E-03,+54.4688E-03
-3.7543E-03,+84.8438E-03,-175.8750E-03,-163.0813E-03,+47.7813E-03
-3.7443E-03,+69.2188E-03,-186.5938E-03,-164.4250E-03,+38.4063E-03
-3.7343E-03,+55.3750E-03,-199.5313E-03,-166.2063E-03,+29.0313E-03
-3.7243E-03,+44.6563E-03,-211.5938E-03,-115.8938E-03,+23.2188E-03
-3.7143E-03,+33.5000E-03,-220.9688E-03,-35.9563E-03,+20.0938E-03
-3.7043E-03,+21.0000E-03,-230.3438E-03,-5.0500E-03,+15.1875E-03
-3.6943E-03,+12.0625E-03,-237.9375E-03,-5.0500E-03,+12.5000E-03
-3.6843E-03,+2.2500E-03,-244.1875E-03,-5.0500E-03,+12.5000E-03
-3.6743E-03,-1.3438E-03,-246.8750E-03,-140.4250E-03,+5.3750E-03
-3.6643E-03,-3.5625E-03,-248.6563E-03,-242.5500E-03,+5.3438E-03
-3.6543E-03,-9.8125E-03,-250.0000E-03,-240.7688E-03,+9.3750E-03
-3.6443E-03,-12.5000E-03,-246.4375E-03,-241.2063E-03,+7.5938E-03
-3.6343E-03,-12.5000E-03,-241.9688E-03,-108.9563E-03,+6.2500E-03
-3.6243E-03,-12.5000E-03,-237.0625E-03,-8.1750E-03,+9.8125E-03
-3.6143E-03,-7.1563E-03,-229.0313E-03,-8.1750E-03,+16.0625E-03
-3.6043E-03,-3.1250E-03,-221.4375E-03,-9.9563E-03,+15.1875E-03
-3.5943E-03,+4.0000E-03,-209.8438E-03,-121.7375E-03,+16.0625E-03
-3.5843E-03,+12.9375E-03,-196.0000E-03,-205.0500E-03,+22.3125E-03
-3.5743E-03,+22.7500E-03,-181.7188E-03,-208.6125E-03,+26.7813E-03
-3.5643E-03,+38.8125E-03,-169.6563E-03,-209.5188E-03,+35.2500E-03
-3.5543E-03,+50.4375E-03,-154.9375E-03,-94.1750E-03,+44.1875E-03
-3.5443E-03,+58.4688E-03,-139.7500E-03,-9.9563E-03,+54.0000E-03
-3.5343E-03,+67.8438E-03,-125.4688E-03,-9.5188E-03,+64.7188E-03
-3.5243E-03,+79.0000E-03,-109.8438E-03,-8.1750E-03,+72.3125E-03
-3.5143E-03,+91.5000E-03,-94.2188E-03,-54.4875E-03,+76.7813E-03
-3.5043E-03,+105.7813E-03,-82.1563E-03,-91.2063E-03,+78.1250E-03
-3.4943E-03,+116.0625E-03,-71.0000E-03,-92.5500E-03,+87.0313E-03
-3.4843E-03,+125.8750E-03,-60.2813E-03,-92.5500E-03,+95.5313E-03
-3.4743E-03,+134.8125E-03,-47.3438E-03,-44.4563E-03,+100.4375E-03
-3.4643E-03,+142.8438E-03,-35.2813E-03,-8.1750E-03,+104.9063E-03
-3.4543E-03,+150.4375E-03,-25.9063E-03,-6.3938E-03,+111.5938E-03
-3.4443E-03,+156.6875E-03,-18.3125E-03,-6.8313E-03,+120.9688E-03
-3.4343E-03,+161.1563E-03,-13.8438E-03,-9.9563E-03,+125.0000E-03
-3.4243E-03,+164.2813E-03,-10.7188E-03,-11.3000E-03,+123.2188E-03
-3.4143E-03,+165.6250E-03,-9.3750E-03,-9.5188E-03,+121.8750E-03
-3.4043E-03,+165.6250E-03,-7.5938E-03,-11.7375E-03,+123.6563E-03
-3.3943E-03,+165.6250E-03,-9.8125E-03,-7.3000E-03,+125.0000E-03
-3.3843E-03,+162.0625E-03,-14.2813E-03,-1.9250E-03,+119.6563E-03
-3.3743E-03,+155.8125E-03,-17.4063E-03,-1.9250E-03,+115.6250E-03
-3.3643E-03,+153.1250E-03,-22.3125E-03,-1.9250E-03,+115.6250E-03
-3.3543E-03,+147.7813E-03,-28.5625E-03,-19.7375E-03,+110.2813E-03
-3.3443E-03,+138.4063E-03,-38.3750E-03,-33.1750E-03,+104.4688E-03
-3.3343E-03,+132.5938E-03,-49.0938E-03,-34.9563E-03,+104.9063E-03
-3.3243E-03,+125.9063E-03,-60.2500E-03,-34.5188E-03,+100.9063E-03
-3.3143E-03,+114.7500E-03,-70.9688E-03,-26.0500E-03,+91.5313E-03
-3.3043E-03,+102.2500E-03,-82.1250E-03,-11.7688E-03,+83.9375E-03
-3.2943E-03,+91.5313E-03,-92.8438E-03,-5.0500E-03,+74.1250E-03
-3.2843E-03,+80.3750E-03,-102.2188E-03,-3.2688E-03,+65.1875E-03
-3.2743E-03,+69.6563E-03,-113.3750E-03,-3.7063E-03,+57.1563E-03
-3.2643E-03,+58.5000E-03,-125.8750E-03,-72.7375E-03,+53.1250E-03
-3.2543E-03,+47.7813E-03,-136.5938E-03,-123.8000E-03,+46.0000E-03
-3.2443E-03,+38.4063E-03,-145.9688E-03,-122.0188E-03,+37.0625E-03
-3.2343E-03,+27.2500E-03,-155.3438E-03,-120.6750E-03,+29.0313E-03
-3.2243E-03,+20.0938E-03,-161.1563E-03,-54.7688E-03,+21.4375E-03
-3.2143E-03,+13.4063E-03,-166.0625E-03,-6.8313E-03,+18.7500E-03
-3.2043E-03,+7.5938E-03,-172.3125E-03,-8.1750E-03,+16.9688E-03
-3.1943E-03,+2.6875E-03,-176.7813E-03,-6.3938E-03,+12.0625E-03
-3.1843E-03,-3.5625E-03,-178.1250E-03,-103.0188E-03,+5.8125E-03
-3.1743E-03,-8.0313E-03,-179.9063E-03,-175.1438E-03,+1.3438E-03
-3.1643E-03,-11.1563E-03,-183.0313E-03,-175.5813E-03,+7.1250E-03
-3.1543E-03,-12.5000E-03,-182.5938E-03,-176.9250E-03,+5.3750E-03
-3.1443E-03,-12.5000E-03,-177.6875E-03,-80.7375E-03,+3.5625E-03
-3.1343E-03,-14.2813E-03,-173.2188E-03,-8.1750E-03,+4.4688E-03
-3.1243E-03,-15.6250E-03,-166.5313E-03,-9.9563E-03,+8.4688E-03
-3.1143E-03,-12.0625E-03,-157.1563E-03,-9.5188E-03,+12.5000E-03
-3.1043E-03,-5.8125E-03,-147.7813E-03,-86.5500E-03,+12.5000E-03
-3.0943E-03,-3.1250E-03,-140.1875E-03,-145.6750E-03,+17.8438E-03
-3.0843E-03,+437.5E-06,-132.1563E-03,-145.6750E-03,+23.6563E-03
-3.0743E-03,+4.9063E-03,-122.7813E-03,-145.6750E-03,+26.7813E-03
-3.0643E-03,+9.8125E-03,-111.6250E-03,-67.3000E-03,+31.6875E-03
-3.0543E-03,+10.7188E-03,-100.9063E-03,-9.9563E-03,+36.1563E-03
-3.0443E-03,+14.7188E-03,-91.5313E-03,-9.5188E-03,+41.0625E-03
-3.0343E-03,+22.3125E-03,-78.5938E-03,-6.3938E-03,+47.3125E-03
-3.0243E-03,+25.0000E-03,-68.3125E-03,-38.8938E-03,+53.5625E-03
-3.0143E-03,+28.5625E-03,-58.5000E-03,-64.4250E-03,+58.0313E-03
-3.0043E-03,+31.2500E-03,-49.5625E-03,-62.6438E-03,+62.9375E-03
-2.9943E-03,+33.0313E-03,-43.3125E-03,-63.0813E-03,+65.6250E-03
-2.9843E-03,+36.1563E-03,-35.2813E-03,-32.3625E-03,+69.1875E-03
-2.9743E-03,+39.2813E-03,-25.9063E-03,-6.3938E-03,+77.2188E-03
-2.9643E-03,+42.4063E-03,-20.0938E-03,-5.0500E-03,+84.8125E-03
-2.9543E-03,+40.1875E-03,-15.1875E-03,-6.8313E-03,+85.7188E-03
-2.9443E-03,+35.7188E-03,-8.9375E-03,-8.1750E-03,+86.1563E-03
-2.9343E-03,+36.1563E-03,-6.2500E-03,-6.3938E-03,+89.2813E-03
-2.9243E-03,+35.7188E-03,-4.4688E-03,-6.8313E-03,+92.4063E-03
-2.9143E-03,+34.3750E-03,-4.9063E-03,-6.3938E-03,+90.1875E-03
-2.9043E-03,+34.3750E-03,-4.4688E-03,-6.8313E-03,+82.1563E-03
-2.8943E-03,+30.8125E-03,-4.9063E-03,-4.6125E-03,+78.1250E-03
-2.8843E-03,+26.3438E-03,-4.4688E-03,-1.9250E-03,+78.1250E-03
-2.8743E-03,+21.4375E-03,-4.9063E-03,-1.9250E-03,+78.1250E-03
-2.8643E-03,+16.9688E-03,-6.2500E-03,+3.4188E-03,+74.5625E-03
-2.8543E-03,+13.8438E-03,-9.8125E-03,-3.2375E-03,+71.8750E-03
-2.8443E-03,+12.5000E-03,-14.2813E-03,-11.3000E-03,+66.5313E-03
-2.8343E-03,+8.9375E-03,-19.1875E-03,-13.0813E-03,+62.5000E-03
-2.8243E-03,+2.6875E-03,-21.8750E-03,-12.6438E-03,+58.9375E-03
-2.8143E-03,-1.7813E-03,-25.4375E-03,-5.9563E-03,+54.4688E-03
-2.8043E-03,-6.6875E-03,-31.6875E-03,-1.9250E-03,+49.5625E-03
-2.7943E-03,-9.3750E-03,-36.1563E-03,-3.7063E-03,+45.0938E-03
-2.7843E-03,-11.1563E-03,-35.7188E-03,-3.2688E-03,+41.9688E-03
-2.7743E-03,-10.7188E-03,-41.5000E-03,-21.5188E-03,+35.2813E-03
-2.7643E-03,-11.1563E-03,-45.0938E-03,-39.8625E-03,+29.4688E-03
-2.7543E-03,-14.2813E-03,-47.3125E-03,-40.7688E-03,+28.1250E-03
-2.7443E-03,-17.4063E-03,-51.7813E-03,-37.6438E-03,+19.2188E-03
-2.7343E-03,-16.9688E-03,-51.3438E-03,-20.2688E-03,+14.2813E-03
-2.7243E-03,-17.4063E-03,-50.0000E-03,-6.3938E-03,+12.0625E-03
-2.7143E-03,-16.9688E-03,-50.0000E-03,-5.0500E-03,+7.5938E-03
-2.7043E-03,-13.8438E-03,-51.7813E-03,-3.2688E-03,+4.4688E-03
-2.6943E-03,-16.0625E-03,-51.3438E-03,-26.8625E-03,+4.9063E-03
-2.6843E-03,-16.9688E-03,-46.4375E-03,-45.6750E-03,+2.6875E-03
-2.6743E-03,-15.6250E-03,-43.7500E-03,-47.4563E-03,+0.0E+00
-2.6643E-03,-15.6250E-03,-41.9688E-03,-47.0188E-03,+0.0E+00
-2.6543E-03,-15.6250E-03,-38.8438E-03,-22.5188E-03,+0.0E+00
-2.6443E-03,-15.6250E-03,-37.5000E-03,-5.0500E-03,+1.7813E-03
-2.6343E-03,-13.8438E-03,-35.7188E-03,-5.0500E-03,-437.5E-06
-2.6243E-03,-14.2813E-03,-30.8125E-03,-3.2688E-03,-1.3438E-03
-2.6143E-03,-15.6250E-03,-26.3438E-03,-14.3938E-03,+3.5625E-03
-2.6043E-03,-17.4063E-03,-23.2188E-03,-23.8000E-03,+6.2500E-03
-2.5943E-03,-18.7500E-03,-20.0938E-03,-25.5813E-03,+2.6875E-03
-2.5843E-03,-20.5313E-03,-18.7500E-03,-26.9250E-03,+3.5625E-03
-2.5743E-03,-20.0938E-03,-15.1875E-03,-16.2375E-03,+4.4688E-03
-2.5643E-03,-24.0938E-03,-10.7188E-03,-6.3938E-03,+10.2500E-03
-2.5543E-03,-31.6875E-03,-7.5938E-03,-5.0500E-03,+13.8438E-03
-2.5443E-03,-36.1563E-03,-6.2500E-03,-5.0500E-03,+10.7188E-03
-2.5343E-03,-41.0625E-03,-4.4688E-03,-3.2688E-03,+14.7188E-03
-2.5243E-03,-47.3125E-03,-1.3438E-03,-1.9250E-03,+16.9688E-03
-2.5143E-03,-55.3438E-03,+0.0E+00,-3.7063E-03,+17.4063E-03
-2.5043E-03,-61.1563E-03,+0.0E+00,-3.2688E-03,+18.7500E-03
-2.4943E-03,-66.0625E-03,+0.0E+00,-5.4875E-03,+22.3125E-03
-2.4843E-03,-72.3125E-03,+1.7813E-03,-4.6125E-03,+21.4375E-03
-2.4743E-03,-78.5625E-03,+3.1250E-03,-3.7063E-03,+18.7500E-03
-2.4643E-03,-84.8125E-03,+1.3438E-03,-3.2688E-03,+22.3125E-03
-2.4543E-03,-92.8438E-03,+1.7813E-03,+14.1063E-03,+23.2188E-03
-2.4443E-03,-100.4375E-03,+3.1250E-03,+11.9500E-03,+20.0938E-03
-2.4343E-03,-106.6875E-03,+3.1250E-03,+1.2000E-03,+22.3125E-03
-2.4243E-03,-111.1563E-03,+3.1250E-03,+1.2000E-03,+19.6563E-03
-2.4143E-03,-119.6250E-03,+3.1250E-03,+4.7625E-03,+13.8438E-03
-2.4043E-03,-121.4375E-03,+3.1250E-03,+2.1063E-03,+14.2813E-03
-2.3943E-03,-124.0938E-03,+4.9063E-03,-143.7E-06,+13.8438E-03
-2.3843E-03,-128.1250E-03,+6.2500E-03,-581.2E-06,+12.5000E-03
-2.3743E-03,-128.1250E-03,+6.2500E-03,-1.9250E-03,+12.5000E-03
-2.3643E-03,-129.9063E-03,+8.0313E-03,+3.4188E-03,+8.9375E-03
-2.3543E-03,-129.4688E-03,+12.9375E-03,+7.4500E-03,+8.0313E-03
-2.3443E-03,-126.3438E-03,+13.8438E-03,+9.2313E-03,+9.3750E-03
-2.3343E-03,-125.0000E-03,+17.8438E-03,+10.5750E-03,+7.5938E-03
-2.3243E-03,-121.4375E-03,+21.8750E-03,+3.4500E-03,+906.3E-06
-2.3143E-03,-116.9688E-03,+25.4375E-03,-1.9250E-03,-3.1250E-03
-2.3043E-03,-112.0625E-03,+29.9063E-03,-1.9250E-03,-4.9063E-03
-2.2943E-03,-104.0313E-03,+36.5938E-03,-3.7063E-03,-4.4688E-03
-2.2843E-03,-98.2188E-03,+42.4063E-03,+21.6688E-03,-3.1250E-03
-2.2743E-03,-91.5313E-03,+49.0938E-03,+41.8250E-03,-4.9063E-03
-2.2643E-03,-80.3750E-03,+53.1250E-03,+41.8250E-03,-8.0313E-03
-2.2543E-03,-73.2188E-03,+60.2500E-03,+43.6063E-03,-5.8125E-03
-2.2443E-03,-66.5313E-03,+67.4063E-03,+20.0125E-03,-3.1250E-03
-2.2343E-03,-57.1563E-03,+72.3125E-03,+1.2000E-03,-4.9063E-03
-2.2243E-03,-51.3438E-03,+78.5625E-03,-581.2E-06,-4.4688E-03
-2.2143E-03,-44.6563E-03,+83.0313E-03,-1.9250E-03,-6.6875E-03
-2.2043E-03,-35.2813E-03,+89.7188E-03,+37.2625E-03,-11.1563E-03
-2.1943E-03,-31.2500E-03,+97.3125E-03,+82.8563E-03,-7.1563E-03
-2.1843E-03,-25.9063E-03,+101.7813E-03,+93.1688E-03,-1.3438E-03
-2.1743E-03,-20.0938E-03,+104.9063E-03,+91.8250E-03,-5.3438E-03
-2.1643E-03,-18.7500E-03,+108.0313E-03,+40.1688E-03,-5.8125E-03
-2.1543E-03,-15.1875E-03,+111.1563E-03,-2.3625E-03,-6.6875E-03
-2.1443E-03,-14.2813E-03,+114.2813E-03,-1.4875E-03,-7.5938E-03
-2.1343E-03,-15.6250E-03,+113.8438E-03,-581.2E-06,-9.8125E-03
-2.1243E-03,-15.6250E-03,+114.2813E-03,+62.2000E-03,-8.9375E-03
-2.1143E-03,-19.1875E-03,+113.8438E-03,+112.3563E-03,-11.5938E-03
-2.1043E-03,-25.4375E-03,+112.5000E-03,+113.7000E-03,-13.8438E-03
-2.0943E-03,-29.9063E-03,+108.9375E-03,+113.7000E-03,-8.9375E-03
-2.0843E-03,-36.5938E-03,+102.6875E-03,+49.5750E-03,-9.8125E-03
-2.0743E-03,-45.9688E-03,+100.0000E-03,+1.2000E-03,-14.2813E-03
-2.0643E-03,-55.3438E-03,+96.4375E-03,+1.2000E-03,-17.4063E-03
-2.0543E-03,-64.7188E-03,+88.4063E-03,+2.9813E-03,-18.7500E-03
-2.0443E-03,-77.6563E-03,+79.0313E-03,+45.2938E-03,-20.5313E-03
-2.0343E-03,-91.5000E-03,+73.2188E-03,+76.2000E-03,-23.6563E-03
-2.0243E-03,-102.2188E-03,+68.3125E-03,+77.9813E-03,-26.7813E-03
-2.0143E-03,-115.1563E-03,+60.2813E-03,+77.5438E-03,-31.6875E-03
-2.0043E-03,-132.5625E-03,+52.6875E-03,+37.0125E-03,-36.1563E-03
-1.9943E-03,-142.4063E-03,+44.6563E-03,+3.8875E-03,-41.0625E-03
-1.9843E-03,-154.4375E-03,+38.8438E-03,-581.2E-06,-41.9688E-03
-1.9743E-03,-169.6250E-03,+32.1563E-03,-143.7E-06,-44.1875E-03
-1.9643E-03,-182.1250E-03,+26.3438E-03,-581.2E-06,-46.8750E-03
-1.9543E-03,-192.8438E-03,+19.6563E-03,+12.3250E-03,-46.8750E-03
-1.9443E-03,-204.0000E-03,+15.6250E-03,+23.0750E-03,-50.4375E-03
-1.9343E-03,-212.9375E-03,+13.8438E-03,+23.0750E-03,-53.1250E-03
-1.9243E-03,-219.1875E-03,+10.7188E-03,+21.2938E-03,-53.1250E-03
-1.9143E-03,-223.6563E-03,+9.3750E-03,+5.7000E-03,-62.0313E-03
-1.9043E-03,-228.5625E-03,+11.1563E-03,-5.0500E-03,-61.6250E-03
-1.8943E-03,-231.2500E-03,+12.5000E-03,-3.2688E-03,-63.3750E-03
-1.8843E-03,-231.2500E-03,+14.2813E-03,-1.9250E-03,-63.4063E-03
-1.8743E-03,-231.2500E-03,+19.1875E-03,+10.5438E-03,-59.3750E-03
-1.8643E-03,-227.6875E-03,+23.6563E-03,+18.1688E-03,-61.1563E-03
-1.8543E-03,-225.0000E-03,+30.3438E-03,+16.8250E-03,-62.5000E-03
-1.8443E-03,-221.4375E-03,+39.7188E-03,+18.6063E-03,-64.2813E-03
-1.8343E-03,-213.4063E-03,+50.8750E-03,+7.4813E-03,-60.2813E-03
-1.8243E-03,-202.2500E-03,+61.5938E-03,-3.7063E-03,-56.2500E-03
-1.8143E-03,-191.5313E-03,+70.9688E-03,-3.2688E-03,-52.6875E-03
-1.8043E-03,-180.3750E-03,+82.1250E-03,-143.7E-06,-48.2188E-03
-1.7943E-03,-167.8750E-03,+96.4063E-03,+61.7625E-03,-43.3125E-03
-1.7843E-03,-153.5938E-03,+108.4688E-03,+103.8875E-03,-42.4063E-03
-1.7743E-03,-141.5313E-03,+119.6250E-03,+97.6375E-03,-40.1875E-03
-1.7643E-03,-128.5938E-03,+133.9063E-03,+94.9500E-03,-33.9375E-03
-1.7543E-03,-112.9688E-03,+145.9688E-03,+39.7313E-03,-31.2500E-03
-1.7443E-03,-97.3438E-03,+157.1250E-03,-1.9250E-03,-29.4688E-03
-1.7343E-03,-83.5000E-03,+167.8438E-03,-1.9250E-03,-28.1250E-03
-1.7243E-03,-71.0000E-03,+180.7813E-03,-1.9250E-03,-28.1250E-03
-1.7143E-03,-58.5000E-03,+191.0625E-03,+106.7313E-03,-22.7813E-03
-1.7043E-03,-46.0000E-03,+199.0938E-03,+192.2625E-03,-15.1875E-03
-1.6943E-03,-38.8438E-03,+206.6875E-03,+193.1688E-03,-16.0625E-03
-1.6843E-03,-30.3750E-03,+212.9375E-03,+190.0438E-03,-16.9688E-03
-1.6743E-03,-21.4375E-03,+217.4063E-03,+85.3875E-03,-12.0625E-03
-1.6643E-03,-16.9688E-03,+220.5313E-03,+5.6688E-03,-7.5938E-03
-1.6543E-03,-13.8438E-03,+223.6563E-03,+4.3250E-03,-9.8125E-03
-1.6443E-03,-12.5000E-03,+223.2188E-03,+2.5438E-03,-12.5000E-03
-1.6343E-03,-12.5000E-03,+220.0938E-03,+124.1063E-03,-16.0625E-03
-1.6243E-03,-14.2813E-03,+216.9688E-03,+220.3875E-03,-16.9688E-03
-1.6143E-03,-19.1875E-03,+213.8438E-03,+221.2938E-03,-17.4063E-03
-1.6043E-03,-27.2188E-03,+205.3750E-03,+218.1688E-03,-18.7500E-03
-1.5943E-03,-34.8125E-03,+194.6563E-03,+117.0750E-03,-20.5313E-03
-1.5843E-03,-44.6250E-03,+185.2813E-03,+20.4500E-03,-25.4375E-03
-1.5743E-03,-57.1250E-03,+174.1250E-03,+4.3250E-03,-35.2500E-03
-1.5643E-03,-69.6250E-03,+161.6250E-03,+2.5438E-03,-38.8438E-03
-1.5543E-03,-80.3438E-03,+150.9063E-03,+1.2000E-03,-44.6250E-03
-1.5443E-03,-95.0625E-03,+139.7500E-03,+81.3563E-03,-48.2188E-03
-1.5343E-03,-112.0313E-03,+125.4688E-03,+140.0438E-03,-52.2188E-03
-1.5243E-03,-124.0938E-03,+113.4063E-03,+142.2625E-03,-58.0313E-03
-1.5143E-03,-137.0313E-03,+100.4688E-03,+143.1688E-03,-62.9375E-03
-1.5043E-03,-152.6563E-03,+84.8438E-03,+63.4500E-03,-70.9688E-03
-1.4943E-03,-170.0625E-03,+72.7813E-03,+2.5438E-03,-76.7813E-03
-1.4843E-03,-185.2500E-03,+61.6250E-03,+2.9813E-03,-85.2500E-03
-1.4743E-03,-197.7500E-03,+49.1250E-03,+2.5438E-03,-97.7500E-03
-1.4643E-03,-210.2500E-03,+38.4063E-03,+22.5750E-03,-99.5625E-03
-1.4543E-03,-222.7500E-03,+29.0313E-03,+38.7000E-03,-98.6563E-03
-1.4443E-03,-231.6875E-03,+21.4375E-03,+38.7000E-03,-105.3438E-03
-1.4343E-03,-241.5000E-03,+16.9688E-03,+38.7000E-03,-111.1563E-03
-1.4243E-03,-250.4375E-03,+13.8438E-03,+15.5438E-03,-114.2813E-03
-1.4143E-03,-253.1250E-03,+12.5000E-03,-1.9250E-03,-117.4063E-03
-1.4043E-03,-254.9063E-03,+14.2813E-03,-143.7E-06,-120.5313E-03
-1.3943E-03,-256.2500E-03,+15.6250E-03,-2.3625E-03,-116.5313E-03
-1.3843E-03,-256.2500E-03,+17.4063E-03,+10.9813E-03,-116.0625E-03
-1.3743E-03,-252.6875E-03,+24.0938E-03,+19.5125E-03,-113.4063E-03
-1.3643E-03,-246.4375E-03,+31.6875E-03,+18.6063E-03,-109.3750E-03
-1.3543E-03,-240.1875E-03,+39.7188E-03,+19.9500E-03,-112.9375E-03
-1.3443E-03,-232.1563E-03,+49.0938E-03,+7.4813E-03,-108.5000E-03
-1.3343E-03,-224.5625E-03,+60.2500E-03,-1.9250E-03,-97.7813E-03
-1.3243E-03,-211.1875E-03,+72.7500E-03,-1.9250E-03,-95.5313E-03
-1.3143E-03,-196.0000E-03,+87.0313E-03,-3.7063E-03,-96.8750E-03
-1.3043E-03,-185.2813E-03,+104.4375E-03,+59.0750E-03,-87.9688E-03
-1.2943E-03,-170.5625E-03,+119.6250E-03,+107.4500E-03,-77.6875E-03
-1.2843E-03,-153.5938E-03,+132.1250E-03,+107.4500E-03,-73.2188E-03
-1.2743E-03,-141.5313E-03,+146.4063E-03,+109.2313E-03,-66.5313E-03
-1.2643E-03,-126.8125E-03,+160.2500E-03,+46.4500E-03,-55.3750E-03
-1.2543E-03,-111.6250E-03,+174.5313E-03,-143.7E-06,-50.0000E-03
-1.2443E-03,-95.5625E-03,+188.3750E-03,-581.2E-06,-44.6563E-03
-1.2343E-03,-80.3750E-03,+199.0938E-03,-143.7E-06,-38.8438E-03
-1.2243E-03,-69.6563E-03,+210.2500E-03,+120.5438E-03,-35.7188E-03
-1.2143E-03,-56.7188E-03,+220.9688E-03,+212.3563E-03,-34.3750E-03
-1.2043E-03,-44.6563E-03,+232.1250E-03,+213.7000E-03,-23.6875E-03
-1.1943E-03,-35.2813E-03,+239.2813E-03,+215.4813E-03,-17.4063E-03
-1.1843E-03,-25.9063E-03,+242.4063E-03,+108.1688E-03,-16.9688E-03
-1.1743E-03,-20.0938E-03,+245.5313E-03,+11.9500E-03,-13.8438E-03
-1.1643E-03,-15.1875E-03,+248.6563E-03,+1.2000E-03,-16.0625E-03
-1.1543E-03,-12.5000E-03,+250.0000E-03,+2.9813E-03,-18.7500E-03
-1.1443E-03,-14.2813E-03,+248.2188E-03,+2.5438E-03,-15.1875E-03
-1.1343E-03,-15.6250E-03,+243.3125E-03,+138.3563E-03,-14.2813E-03
-1.1243E-03,-15.6250E-03,+238.8438E-03,+241.8250E-03,-17.4063E-03
-1.1143E-03,-17.4063E-03,+232.1563E-03,+243.6063E-03,-22.3125E-03
-1.1043E-03,-24.0938E-03,+222.7813E-03,+244.9500E-03,-28.5625E-03
-1.0943E-03,-31.6875E-03,+211.6250E-03,+107.7938E-03,-36.5938E-03
-1.0843E-03,-37.9375E-03,+199.1250E-03,+4.3250E-03,-37.0625E-03
-1.0743E-03,-47.7500E-03,+184.8438E-03,+4.3250E-03,-36.1563E-03
-1.0643E-03,-60.2500E-03,+171.0000E-03,+4.3250E-03,-44.6250E-03
-1.0543E-03,-70.9688E-03,+156.7188E-03,+91.6063E-03,-55.3438E-03
-1.0443E-03,-80.3438E-03,+142.8750E-03,+157.4500E-03,-62.9375E-03
-1.0343E-03,-91.5000E-03,+128.5938E-03,+157.4500E-03,-69.1875E-03
-1.0243E-03,-104.0000E-03,+112.9688E-03,+155.6688E-03,-77.2188E-03
-1.0143E-03,-116.5000E-03,+99.1250E-03,+68.8250E-03,-84.8125E-03
-1.0043E-03,-129.0000E-03,+86.6250E-03,+2.5438E-03,-89.2813E-03
-994.3E-06,-139.7188E-03,+72.3438E-03,+1.2000E-03,-95.9688E-03
-984.3E-06,-149.0938E-03,+58.5000E-03,+1.2000E-03,-103.5625E-03
-974.3E-06,-158.4688E-03,+47.7813E-03,+22.5750E-03,-106.2500E-03
-964.3E-06,-166.0625E-03,+38.4063E-03,+42.2625E-03,-108.0313E-03
-954.3E-06,-172.3125E-03,+29.0313E-03,+44.9500E-03,-116.5000E-03
-944.3E-06,-176.7813E-03,+21.4375E-03,+44.9500E-03,-127.2188E-03
-934.3E-06,-181.6875E-03,+16.9688E-03,+20.0125E-03,-131.2500E-03
-924.3E-06,-186.1563E-03,+13.8438E-03,-581.2E-06,-127.6875E-03
-914.3E-06,-189.2813E-03,+10.7188E-03,-1.9250E-03,-125.0000E-03
-904.3E-06,-190.6250E-03,+11.1563E-03,-143.7E-06,-128.5625E-03
-894.3E-06,-188.8438E-03,+12.5000E-03,+8.3250E-03,-131.2500E-03
-884.3E-06,-183.9375E-03,+14.2813E-03,+13.7000E-03,-129.4688E-03
-874.3E-06,-181.2500E-03,+20.9688E-03,+11.9188E-03,-122.7813E-03
-864.3E-06,-175.9063E-03,+26.7813E-03,+10.5750E-03,-120.5313E-03
-854.3E-06,-170.0938E-03,+33.4688E-03,+1.6688E-03,-118.3125E-03
-844.3E-06,-163.4063E-03,+41.0625E-03,-5.0500E-03,-112.0625E-03
-834.3E-06,-154.0313E-03,+50.8750E-03,-5.0500E-03,-107.5938E-03
-824.3E-06,-144.6563E-03,+61.5938E-03,-3.2688E-03,-106.2500E-03
-814.3E-06,-135.2813E-03,+72.7500E-03,+44.3875E-03,-95.5625E-03
-804.3E-06,-125.9063E-03,+83.4688E-03,+79.3250E-03,-83.9375E-03
-794.3E-06,-114.7500E-03,+96.4063E-03,+77.5438E-03,-81.2500E-03
-784.3E-06,-102.2500E-03,+106.6875E-03,+76.2000E-03,-75.9063E-03
-774.3E-06,-93.3125E-03,+114.7188E-03,+31.6688E-03,-70.0938E-03
-764.3E-06,-81.7188E-03,+125.8750E-03,-1.9250E-03,-63.4063E-03
-754.3E-06,-69.6563E-03,+136.5938E-03,-1.9250E-03,-54.0313E-03
-744.3E-06,-62.0625E-03,+145.9688E-03,-1.9250E-03,-46.4375E-03
-734.3E-06,-52.2500E-03,+153.5625E-03,-143.7E-06,-41.9688E-03
-724.3E-06,-43.3125E-03,+161.5938E-03,+88.4813E-03,-37.0625E-03
-714.3E-06,-37.0625E-03,+167.4063E-03,+159.6688E-03,-27.2500E-03
-704.3E-06,-30.8125E-03,+172.3125E-03,+161.9188E-03,-20.0938E-03
-694.3E-06,-24.5625E-03,+176.7813E-03,+160.5750E-03,-18.7500E-03
-684.3E-06,-21.8750E-03,+179.9063E-03,+69.7313E-03,-20.5313E-03
-674.3E-06,-16.5313E-03,+183.0313E-03,+1.2000E-03,-20.0938E-03
-664.3E-06,-12.5000E-03,+182.5938E-03,+1.2000E-03,-15.1875E-03
-654.3E-06,-12.5000E-03,+179.4688E-03,-581.2E-06,-12.5000E-03
-644.3E-06,-12.5000E-03,+178.1250E-03,+97.8250E-03,-10.7188E-03
-634.3E-06,-12.5000E-03,+172.7813E-03,+174.8563E-03,-14.7188E-03
-624.3E-06,-14.2813E-03,+168.7500E-03,+176.2000E-03,-16.9688E-03
-614.3E-06,-15.6250E-03,+163.4063E-03,+176.2000E-03,-17.4063E-03
-604.3E-06,-17.4063E-03,+154.0313E-03,+76.4500E-03,-22.3125E-03
-594.3E-06,-18.7500E-03,+142.8750E-03,+1.2000E-03,-26.7813E-03
-584.3E-06,-24.0938E-03,+133.9375E-03,-581.2E-06,-29.9063E-03
-574.3E-06,-29.9063E-03,+125.9063E-03,-143.7E-06,-34.8125E-03
-564.3E-06,-31.2500E-03,+112.9688E-03,+63.5438E-03,-41.0625E-03
-554.3E-06,-34.8125E-03,+102.6875E-03,+112.3563E-03,-43.7500E-03
-544.3E-06,-39.2813E-03,+92.8750E-03,+111.9188E-03,-52.6563E-03
-534.3E-06,-42.4063E-03,+80.3750E-03,+110.5750E-03,-59.3750E-03
-524.3E-06,-47.3125E-03,+69.6563E-03,+50.0125E-03,-62.9375E-03
-514.3E-06,-50.0000E-03,+58.5000E-03,+762.5E-06,-67.4063E-03
-504.3E-06,-51.7813E-03,+51.3438E-03,+1.6375E-03,-72.3125E-03
-494.3E-06,-54.9063E-03,+44.6563E-03,+2.5438E-03,-76.7813E-03
-484.3E-06,-58.0313E-03,+37.0625E-03,+17.2313E-03,-83.4688E-03
-474.3E-06,-61.1563E-03,+29.0313E-03,+31.1063E-03,-85.7188E-03
-464.3E-06,-62.5000E-03,+21.4375E-03,+32.4500E-03,-87.9375E-03
-454.3E-06,-62.5000E-03,+16.9688E-03,+34.2313E-03,-88.8438E-03
-444.3E-06,-62.5000E-03,+13.8438E-03,+14.2000E-03,-92.8438E-03
-434.3E-06,-60.7188E-03,+8.9375E-03,-1.9250E-03,-96.8750E-03
-424.3E-06,-59.3750E-03,+4.4688E-03,-1.9250E-03,-96.8750E-03
-414.3E-06,-57.5938E-03,+4.9063E-03,-1.9250E-03,-100.4375E-03
-404.3E-06,-56.2500E-03,+2.6875E-03,+1.6375E-03,-99.5625E-03
-394.3E-06,-52.6875E-03,+1.7813E-03,+4.3250E-03,-95.0938E-03
-384.3E-06,-46.4375E-03,+3.1250E-03,+6.1063E-03,-97.3125E-03
-374.3E-06,-43.7500E-03,+4.9063E-03,+5.6688E-03,-91.0938E-03
-364.3E-06,-41.9688E-03,+11.5938E-03,-1.0187E-03,-79.0313E-03
-354.3E-06,-37.0625E-03,+15.6250E-03,-3.2688E-03,-76.7813E-03
-344.3E-06,-34.3750E-03,+17.4063E-03,-3.7063E-03,-78.1250E-03
-334.3E-06,-32.5938E-03,+18.7500E-03,-3.2688E-03,-78.1250E-03
-324.3E-06,-27.6875E-03,+24.0938E-03,+6.9813E-03,-72.7813E-03
-314.3E-06,-23.2188E-03,+29.9063E-03,+22.6063E-03,-66.9688E-03
-304.3E-06,-20.0938E-03,+33.0313E-03,+29.3250E-03,-62.0625E-03
-294.3E-06,-16.9688E-03,+36.1563E-03,+27.5438E-03,-57.5938E-03
-284.3E-06,-17.4063E-03,+39.2813E-03,+27.9813E-03,-54.4688E-03
-274.3E-06,-16.9688E-03,+42.4063E-03,+9.7313E-03,-44.2188E-03
-264.3E-06,-10.2813E-03,+45.5313E-03,-3.2688E-03,-37.5000E-03
-254.3E-06,-8.0313E-03,+46.8750E-03,-1.9250E-03,-33.9375E-03
-244.3E-06,-7.5938E-03,+48.6563E-03,-143.7E-06,-25.9063E-03
-234.3E-06,-8.0313E-03,+51.7813E-03,+29.7000E-03,-23.6563E-03
-224.3E-06,-9.3750E-03,+51.3438E-03,+51.2000E-03,-26.7813E-03
-214.3E-06,-7.5938E-03,+51.7813E-03,+51.2000E-03,-19.2188E-03
-204.3E-06,-6.2500E-03,+51.3438E-03,+51.2000E-03,-8.9375E-03
-194.3E-06,-8.0313E-03,+50.0000E-03,+19.1375E-03,-11.5938E-03
-184.3E-06,-9.3750E-03,+48.2188E-03,-3.2688E-03,-13.8438E-03
-174.3E-06,-7.5938E-03,+45.0938E-03,-1.9250E-03,-10.7188E-03
-164.3E-06,-8.0313E-03,+43.7500E-03,-1.9250E-03,-9.3750E-03
-154.3E-06,-7.5938E-03,+41.9688E-03,+23.0125E-03,-7.5938E-03
-144.3E-06,-6.2500E-03,+38.8438E-03,+41.8250E-03,-9.8125E-03
-134.3E-06,-9.8125E-03,+35.7188E-03,+41.8250E-03,-8.9375E-03
-124.3E-06,-10.7188E-03,+30.8125E-03,+41.8250E-03,-8.0313E-03
-114.3E-06,-9.3750E-03,+26.3438E-03,+16.8875E-03,-7.5938E-03
-104.3E-06,-5.8125E-03,+25.0000E-03,-1.9250E-03,-15.1563E-03
-94.3E-06,-4.9063E-03,+21.4375E-03,-1.9250E-03,-14.7500E-03
-84.3E-06,-4.4688E-03,+18.7500E-03,-1.9250E-03,-12.9375E-03
-74.3E-06,+437.5E-06,+16.9688E-03,+6.9813E-03,-17.4063E-03
-64.3E-06,+4.9063E-03,+13.8438E-03,+15.4813E-03,-16.9688E-03
-54.3E-06,+6.2500E-03,+10.7188E-03,+16.8250E-03,-15.6250E-03
-44.3E-06,+13.3750E-03,+7.5938E-03,+16.8250E-03,-20.9688E-03
-34.3E-06,+18.7500E-03,+4.4688E-03,+4.3563E-03,-26.7813E-03
-24.3E-06,+24.0938E-03,+3.1250E-03,-3.2688E-03,-26.3438E-03
-14.3E-06,+29.9063E-03,-437.5E-06,-3.7063E-03,-21.4375E-03
-4.3E-06,+33.0313E-03,+437.5E-06,-3.2688E-03,-25.8750E-03
+5.7E-06,+39.7188E-03,+1.3438E-03,-143.7E-06,-29.4688E-03
+15.7E-06,+45.5313E-03,-1.7813E-03,-581.2E-06,-28.1250E-03
+25.7E-06,+52.2188E-03,-3.1250E-03,-143.7E-06,-31.6875E-03
+35.7E-06,+61.5938E-03,-3.1250E-03,-581.2E-06,-36.1563E-03
+45.7E-06,+67.4063E-03,-3.1250E-03,-3.7063E-03,-35.7188E-03
+55.7E-06,+75.8750E-03,-3.1250E-03,-5.0500E-03,-32.5938E-03
+65.7E-06,+81.2500E-03,-3.1250E-03,-3.2688E-03,-25.9063E-03
+75.7E-06,+83.0313E-03,-3.1250E-03,-3.7063E-03,-23.6563E-03
+85.7E-06,+89.7188E-03,-4.9063E-03,-17.5188E-03,-25.0000E-03
+95.7E-06,+95.5313E-03,-4.4688E-03,-14.4563E-03,-25.0000E-03
+105.7E-06,+98.6563E-03,-3.1250E-03,-3.2688E-03,-26.7813E-03
+115.7E-06,+100.0000E-03,-4.9063E-03,-3.7063E-03,-26.3438E-03
+125.7E-06,+103.5625E-03,-4.4688E-03,-3.2688E-03,-23.2188E-03
+135.7E-06,+104.4688E-03,-6.6875E-03,-3.7063E-03,-21.8750E-03
+145.7E-06,+103.1250E-03,-11.1563E-03,-3.2688E-03,-23.6563E-03
+155.7E-06,+103.1250E-03,-12.5000E-03,-3.7063E-03,-17.8750E-03
+165.7E-06,+101.3438E-03,-16.0625E-03,-3.2688E-03,-14.2813E-03
+175.7E-06,+96.4375E-03,-18.7500E-03,-10.8313E-03,-12.0625E-03
+185.7E-06,+90.1875E-03,-22.3125E-03,-17.5500E-03,-9.3750E-03
+195.7E-06,+83.9375E-03,-26.7813E-03,-17.5500E-03,-11.1563E-03
+205.7E-06,+77.6875E-03,-33.4688E-03,-15.7688E-03,-8.9375E-03
+215.7E-06,+71.4375E-03,-41.0625E-03,-5.5188E-03,-8.0313E-03
+225.7E-06,+65.1875E-03,-47.3125E-03,-2.3625E-03,-5.8125E-03
+235.7E-06,+58.9375E-03,-53.5625E-03,-5.0500E-03,-4.9063E-03
+245.7E-06,+50.9063E-03,-58.0313E-03,-3.2688E-03,-6.2500E-03
+255.7E-06,+45.0938E-03,-62.9375E-03,-39.3313E-03,-6.2500E-03
+265.7E-06,+36.6250E-03,-70.9688E-03,-65.7688E-03,-6.2500E-03
+275.7E-06,+25.9063E-03,-78.5625E-03,-64.4250E-03,-2.6875E-03
+285.7E-06,+18.3125E-03,-84.8125E-03,-64.4250E-03,+1.7813E-03
+295.7E-06,+10.2813E-03,-89.2813E-03,-30.5813E-03,-2.2188E-03
+305.7E-06,+4.4688E-03,-94.1875E-03,-5.0500E-03,-4.4688E-03
+315.7E-06,+1.3438E-03,-98.6563E-03,-5.0500E-03,-3.1250E-03
+325.7E-06,+0.0E+00,-103.5625E-03,-6.8313E-03,-4.9063E-03
+335.7E-06,-5.3438E-03,-104.4688E-03,-65.1750E-03,+2.6563E-03
+345.7E-06,-11.1563E-03,-108.4688E-03,-104.6125E-03,+4.0313E-03
+355.7E-06,-10.7188E-03,-112.5000E-03,-103.7063E-03,+0.0E+00
+365.7E-06,-11.1563E-03,-112.5000E-03,-103.2688E-03,+1.7813E-03
+375.7E-06,-7.1563E-03,-110.7188E-03,-46.7063E-03,-437.5E-06
+385.7E-06,-3.1250E-03,-111.1563E-03,-6.8313E-03,-1.3438E-03
+395.7E-06,+2.2188E-03,-108.9375E-03,-8.1750E-03,+1.7813E-03
+405.7E-06,+8.0313E-03,-106.2500E-03,-8.1750E-03,+3.1250E-03
+415.7E-06,+11.1563E-03,-102.6875E-03,-59.8313E-03,+4.9063E-03
+425.7E-06,+19.6250E-03,-96.4375E-03,-98.8000E-03,+6.2500E-03
+435.7E-06,+32.1250E-03,-91.9688E-03,-100.5813E-03,+8.0313E-03
+445.7E-06,+44.6250E-03,-87.0625E-03,-100.1438E-03,+12.9375E-03
+455.7E-06,+53.5625E-03,-80.8125E-03,-50.7063E-03,+15.6250E-03
+465.7E-06,+65.1563E-03,-72.7813E-03,-9.0813E-03,+19.1875E-03
+475.7E-06,+79.0000E-03,-63.4063E-03,-6.8313E-03,+25.4375E-03
+485.7E-06,+91.5000E-03,-55.8125E-03,-6.3938E-03,+28.1250E-03
+495.7E-06,+105.7813E-03,-51.3438E-03,-19.3000E-03,+26.3438E-03
+505.7E-06,+121.4063E-03,-42.8750E-03,-37.1750E-03,+26.7813E-03
+515.7E-06,+135.2500E-03,-35.7188E-03,-42.5500E-03,+31.6875E-03
+525.7E-06,+145.9688E-03,-30.8125E-03,-44.3313E-03,+39.7188E-03
+535.7E-06,+158.9063E-03,-24.5625E-03,-43.8938E-03,+43.7500E-03
+545.7E-06,+169.1875E-03,-20.0938E-03,-21.1750E-03,+45.5313E-03
+555.7E-06,+179.0000E-03,-15.1875E-03,-6.8313E-03,+45.0938E-03
+565.7E-06,+187.9375E-03,-10.7188E-03,-6.3938E-03,+49.0938E-03
+575.7E-06,+195.9688E-03,-9.3750E-03,-5.0500E-03,+51.3438E-03
+585.7E-06,+201.7813E-03,-7.5938E-03,-6.8313E-03,+51.7813E-03
+595.7E-06,+204.9063E-03,-6.2500E-03,-8.1750E-03,+51.3438E-03
+605.7E-06,+208.0313E-03,-9.8125E-03,-6.3938E-03,+51.7813E-03
+615.7E-06,+207.5938E-03,-14.2813E-03,-5.0500E-03,+54.9063E-03
+625.7E-06,+208.0313E-03,-19.1875E-03,-5.0500E-03,+56.2500E-03
+635.7E-06,+205.8125E-03,-23.6563E-03,-5.0500E-03,+54.4688E-03
+645.7E-06,+201.3438E-03,-28.5625E-03,-5.0500E-03,+51.3438E-03
+655.7E-06,+194.6563E-03,-34.8125E-03,-5.0500E-03,+51.7813E-03
+665.7E-06,+185.2813E-03,-44.6250E-03,-29.9875E-03,+51.3438E-03
+675.7E-06,+177.6875E-03,-55.3438E-03,-47.0188E-03,+50.0000E-03
+685.7E-06,+169.6563E-03,-66.5000E-03,-45.6750E-03,+50.0000E-03
+695.7E-06,+158.5000E-03,-80.7813E-03,-45.6750E-03,+44.6563E-03
+705.7E-06,+144.2188E-03,-92.8438E-03,-20.7375E-03,+35.2813E-03
+715.7E-06,+130.3750E-03,-104.0000E-03,-5.4875E-03,+33.0313E-03
+725.7E-06,+116.0938E-03,-116.5000E-03,-2.8313E-03,+32.5938E-03
+735.7E-06,+102.2500E-03,-129.0000E-03,-581.2E-06,+29.4688E-03
+745.7E-06,+86.1875E-03,-141.5000E-03,-82.0813E-03,+28.1250E-03
+755.7E-06,+74.5625E-03,-154.0000E-03,-140.7688E-03,+28.1250E-03
+765.7E-06,+61.1875E-03,-166.5000E-03,-141.2063E-03,+21.0000E-03
+775.7E-06,+46.0000E-03,-177.2188E-03,-144.3313E-03,+15.6250E-03
+785.7E-06,+33.5000E-03,-190.1563E-03,-69.0813E-03,+8.5000E-03
+795.7E-06,+22.7813E-03,-198.6563E-03,-11.3000E-03,+6.6875E-03
+805.7E-06,+13.4063E-03,-205.3438E-03,-9.5188E-03,+4.0313E-03
+815.7E-06,+5.8125E-03,-212.9375E-03,-8.1750E-03,+5.3438E-03
+825.7E-06,+1.3438E-03,-215.6250E-03,-127.5188E-03,+5.8125E-03
+835.7E-06,-3.5625E-03,-219.1875E-03,-215.7688E-03,+3.1250E-03
+845.7E-06,-8.0313E-03,-221.8750E-03,-214.4250E-03,-437.5E-06
+855.7E-06,-11.1563E-03,-220.0938E-03,-214.4250E-03,-1.3438E-03
+865.7E-06,-8.9375E-03,-218.7500E-03,-102.2063E-03,+3.5625E-03
+875.7E-06,-8.0313E-03,-215.1875E-03,-12.2063E-03,+11.5938E-03
+885.7E-06,-5.8125E-03,-210.7188E-03,-8.1750E-03,+10.2813E-03
+895.7E-06,+437.5E-06,-204.0313E-03,-8.1750E-03,+11.5938E-03
+905.7E-06,+12.0313E-03,-194.6563E-03,-111.4875E-03,+17.4063E-03
+915.7E-06,+24.0938E-03,-185.2813E-03,-185.8625E-03,+22.3125E-03
+925.7E-06,+33.4688E-03,-175.9063E-03,-184.9563E-03,+25.0000E-03
+935.7E-06,+42.8438E-03,-162.9688E-03,-184.5188E-03,+26.7813E-03
+945.7E-06,+57.5625E-03,-149.1250E-03,-209.8938E-03,+33.4688E-03
+955.7E-06,+70.9688E-03,-136.6250E-03,-103.5813E-03,+42.8438E-03
+965.7E-06,+83.9063E-03,-122.3438E-03,-9.9563E-03,+48.6563E-03
+975.7E-06,+97.7500E-03,-108.5000E-03,-7.7375E-03,+53.5625E-03
+985.7E-06,+115.5938E-03,-94.2188E-03,-6.8313E-03,+61.5938E-03
+995.7E-06,+132.1250E-03,-76.8125E-03,-49.1438E-03,+67.4063E-03
+1.0057E-03,+146.4063E-03,-65.1875E-03,-80.0500E-03,+72.3125E-03
+1.0157E-03,+160.2500E-03,-57.1563E-03,-81.8313E-03,+76.7813E-03
+1.0257E-03,+176.3125E-03,-47.7813E-03,-81.3938E-03,+83.4688E-03
+1.0357E-03,+189.7188E-03,-36.6250E-03,-39.0813E-03,+85.7188E-03
+1.0457E-03,+197.3125E-03,-25.9063E-03,-6.3938E-03,+95.0625E-03
+1.0557E-03,+208.9063E-03,-18.3125E-03,-5.0500E-03,+103.1250E-03
+1.0657E-03,+219.1875E-03,-13.8438E-03,-8.6125E-03,+103.1250E-03
+1.0757E-03,+223.6563E-03,-10.7188E-03,-13.0813E-03,+106.6875E-03
+1.0857E-03,+228.5625E-03,-9.3750E-03,-12.6438E-03,+105.8125E-03
+1.0957E-03,+231.2500E-03,-11.1563E-03,-9.5188E-03,+104.9063E-03
+1.1057E-03,+233.0313E-03,-14.2813E-03,-9.9563E-03,+108.0313E-03
+1.1157E-03,+232.5938E-03,-17.4063E-03,-9.5188E-03,+104.0313E-03
+1.1257E-03,+229.4688E-03,-20.5313E-03,-4.6125E-03,+103.5625E-03
+1.1357E-03,+224.5625E-03,-27.2188E-03,-1.9250E-03,+108.0313E-03
+1.1457E-03,+218.3125E-03,-38.3750E-03,-1.9250E-03,+104.0313E-03
+1.1557E-03,+210.2813E-03,-49.0938E-03,-42.8938E-03,+100.0000E-03
+1.1657E-03,+199.1250E-03,-60.2500E-03,-61.3313E-03,+92.8750E-03
+1.1757E-03,+188.4063E-03,-72.7500E-03,-48.3625E-03,+87.5000E-03
+1.1857E-03,+177.2500E-03,-85.2500E-03,-47.4563E-03,+83.9375E-03
+1.1957E-03,+164.7500E-03,-99.5313E-03,-23.8625E-03,+77.6875E-03
+1.2057E-03,+150.4688E-03,-118.7188E-03,-5.0500E-03,+66.0938E-03
+1.2157E-03,+134.8438E-03,-131.6875E-03,-5.0500E-03,+62.9375E-03
+1.2257E-03,+119.2188E-03,-143.2813E-03,-5.0500E-03,+62.0625E-03
+1.2357E-03,+101.8125E-03,-158.9063E-03,-92.3313E-03,+55.8125E-03
+1.2457E-03,+84.8438E-03,-172.7500E-03,-159.9563E-03,+44.2188E-03
+1.2557E-03,+71.0000E-03,-185.2500E-03,-161.3000E-03,+35.7188E-03
+1.2657E-03,+56.7188E-03,-197.7500E-03,-161.3000E-03,+30.8125E-03
+1.2757E-03,+42.8750E-03,-208.4688E-03,-77.5813E-03,+24.5625E-03
+1.2857E-03,+32.1563E-03,-217.8438E-03,-9.0813E-03,+20.0938E-03
+1.2957E-03,+21.0000E-03,-227.2188E-03,-5.0500E-03,+15.1875E-03
+1.3057E-03,+12.0625E-03,-236.5938E-03,-6.8313E-03,+10.7188E-03
+1.3157E-03,+5.8125E-03,-242.4063E-03,-139.9875E-03,+9.3750E-03
+1.3257E-03,-2.2188E-03,-245.5313E-03,-241.2063E-03,+7.5938E-03
+1.3357E-03,-9.8125E-03,-246.8750E-03,-240.7688E-03,+6.2500E-03
+1.3457E-03,-14.2813E-03,-246.8750E-03,-237.6438E-03,+6.2500E-03
+1.3557E-03,-13.8438E-03,-234.4063E-03,-236.3000E-03,+8.0313E-03
+1.3657E-03,-10.7188E-03,-232.1250E-03,-106.2688E-03,+12.9375E-03
+1.3757E-03,-9.3750E-03,-235.7188E-03,-11.7375E-03,+17.4063E-03
+1.3857E-03,-9.3750E-03,-227.2500E-03,-12.6438E-03,+16.9688E-03
+1.3957E-03,-4.0313E-03,-216.5313E-03,-9.5188E-03,+17.4063E-03
+1.4057E-03,+5.3438E-03,-207.1563E-03,-122.1750E-03,+20.5313E-03
+1.4157E-03,+16.5000E-03,-194.2188E-03,-206.3938E-03,+27.2188E-03
+1.4257E-03,+25.4375E-03,-180.3750E-03,-206.8313E-03,+31.2500E-03
+1.4357E-03,+31.6875E-03,-167.8750E-03,-204.6125E-03,+36.5938E-03
+1.4457E-03,+45.0625E-03,-153.5938E-03,-93.2688E-03,+42.4063E-03
+1.4557E-03,+56.6875E-03,-139.7500E-03,-11.3000E-03,+52.6563E-03
+1.4657E-03,+68.2813E-03,-123.6875E-03,-9.5188E-03,+61.1563E-03
+1.4757E-03,+80.3438E-03,-108.5000E-03,-8.1750E-03,+69.6250E-03
+1.4857E-03,+89.7188E-03,-96.0000E-03,-56.2688E-03,+76.7813E-03
+1.4957E-03,+102.6563E-03,-81.7188E-03,-92.5500E-03,+81.6875E-03
+1.5057E-03,+116.5000E-03,-66.0938E-03,-94.3313E-03,+89.7188E-03
+1.5157E-03,+129.0000E-03,-55.8125E-03,-93.8938E-03,+91.9688E-03
+1.5257E-03,+137.9375E-03,-42.4375E-03,-44.4563E-03,+95.9688E-03
+1.5357E-03,+142.4063E-03,-32.5938E-03,-6.3938E-03,+105.3438E-03
+1.5457E-03,+149.0938E-03,-27.6875E-03,-6.8313E-03,+109.3750E-03
+1.5557E-03,+154.9063E-03,-19.6563E-03,-8.1750E-03,+114.7188E-03
+1.5657E-03,+158.0313E-03,-13.8438E-03,-18.8625E-03,+118.7500E-03
+1.5757E-03,+162.9375E-03,-10.7188E-03,-16.2375E-03,+116.9688E-03
+1.5857E-03,+167.4063E-03,-5.8125E-03,-11.7375E-03,+120.9688E-03
+1.5957E-03,+165.1875E-03,-4.9063E-03,-14.4250E-03,+121.4375E-03
+1.6057E-03,+162.5000E-03,-6.2500E-03,-7.3000E-03,+120.5313E-03
+1.6157E-03,+160.7188E-03,-11.5938E-03,-3.7063E-03,+121.8750E-03
+1.6257E-03,+159.3750E-03,-15.6250E-03,-5.0500E-03,+116.5313E-03
+1.6357E-03,+154.0313E-03,-20.9688E-03,-3.2688E-03,+116.0625E-03
+1.6457E-03,+144.6563E-03,-28.5625E-03,-19.7375E-03,+113.4063E-03
+1.6557E-03,+140.6250E-03,-38.3750E-03,-33.1750E-03,+109.3750E-03
+1.6657E-03,+133.5000E-03,-49.0938E-03,-33.1750E-03,+104.0313E-03
+1.6757E-03,+121.0000E-03,-60.2500E-03,-31.3938E-03,+96.4375E-03
+1.6857E-03,+112.0625E-03,-70.9688E-03,-15.8000E-03,+86.6250E-03
+1.6957E-03,+104.0313E-03,-82.1250E-03,-5.0500E-03,+81.2500E-03
+1.7057E-03,+91.0938E-03,-91.0625E-03,-5.0500E-03,+75.9063E-03
+1.7157E-03,+75.4688E-03,-102.6563E-03,-5.0500E-03,+62.9688E-03
+1.7257E-03,+66.9688E-03,-112.9375E-03,-70.9563E-03,+54.4688E-03
+1.7357E-03,+58.5000E-03,-124.5313E-03,-120.6750E-03,+46.0000E-03
+1.7457E-03,+46.0000E-03,-136.5938E-03,-118.8938E-03,+44.1875E-03
+1.7557E-03,+37.0625E-03,-145.9688E-03,-119.3313E-03,+43.3125E-03
+1.7657E-03,+30.8125E-03,-148.2188E-03,-133.1438E-03,+29.9375E-03
+1.7757E-03,+21.0000E-03,-157.5625E-03,-64.1750E-03,+23.6563E-03
+1.7857E-03,+12.0625E-03,-167.4063E-03,-5.0500E-03,+23.2188E-03
+1.7957E-03,+7.5938E-03,-170.5313E-03,-8.6125E-03,+16.5313E-03
+1.8057E-03,-875.0E-06,-175.4375E-03,-4.1750E-03,+16.0625E-03
+1.8157E-03,-4.4688E-03,-178.1250E-03,-100.3313E-03,+15.1875E-03
+1.8257E-03,-6.6875E-03,-178.1250E-03,-173.3625E-03,+7.1563E-03
+1.8357E-03,-11.1563E-03,-178.1250E-03,-174.2375E-03,+6.6875E-03
+1.8457E-03,-10.7188E-03,-178.1250E-03,-176.9250E-03,+7.5938E-03
+1.8557E-03,-11.1563E-03,-176.3438E-03,-82.5188E-03,+9.8125E-03
+1.8657E-03,-12.5000E-03,-169.6563E-03,-11.3000E-03,+5.3750E-03
+1.8757E-03,-10.7188E-03,-163.8438E-03,-9.5188E-03,+5.3438E-03
+1.8857E-03,-9.3750E-03,-157.1563E-03,-8.1750E-03,+9.3750E-03
+1.8957E-03,-5.8125E-03,-147.7813E-03,-88.3313E-03,+11.1563E-03
+1.9057E-03,-1.3438E-03,-140.1875E-03,-148.8000E-03,+17.8438E-03
+1.9157E-03,+0.0E+00,-132.1563E-03,-148.8000E-03,+21.8750E-03
+1.9257E-03,+1.7813E-03,-121.0000E-03,-148.8000E-03,+29.0000E-03
+1.9357E-03,+6.6875E-03,-110.2813E-03,-68.6438E-03,+37.9375E-03
+1.9457E-03,+12.9375E-03,-100.9063E-03,-6.3938E-03,+35.2813E-03
+1.9557E-03,+17.4063E-03,-89.7500E-03,-6.8313E-03,+36.5938E-03
+1.9657E-03,+18.7500E-03,-79.0313E-03,-6.3938E-03,+47.7500E-03
+1.9757E-03,+20.5313E-03,-69.6563E-03,-53.1438E-03,+56.6875E-03
+1.9857E-03,+25.4375E-03,-60.2813E-03,-75.1750E-03,+61.1563E-03
+1.9957E-03,+31.6875E-03,-50.9063E-03,-64.4250E-03,+64.2813E-03
+2.0057E-03,+34.3750E-03,-39.7500E-03,-62.6438E-03,+65.6250E-03
+2.0157E-03,+34.3750E-03,-34.3750E-03,-31.0188E-03,+70.9688E-03
+2.0257E-03,+36.1563E-03,-29.0313E-03,-6.3938E-03,+76.7813E-03
+2.0357E-03,+39.2813E-03,-19.6563E-03,-6.8313E-03,+76.3438E-03
+2.0457E-03,+37.0625E-03,-13.8438E-03,-6.3938E-03,+82.1250E-03
+2.0557E-03,+36.1563E-03,-8.9375E-03,-8.6125E-03,+85.7188E-03
+2.0657E-03,+37.5000E-03,-6.2500E-03,-9.5188E-03,+86.1563E-03
+2.0757E-03,+35.7188E-03,-4.4688E-03,-6.3938E-03,+85.7188E-03
+2.0857E-03,+34.3750E-03,-3.1250E-03,-5.0500E-03,+86.1563E-03
+2.0957E-03,+30.8125E-03,-1.3438E-03,-5.0500E-03,+87.5000E-03
+2.1057E-03,+28.1250E-03,-1.7813E-03,-5.0500E-03,+87.5000E-03
+2.1157E-03,+26.3438E-03,-4.9063E-03,-5.0500E-03,+82.1563E-03
+2.1257E-03,+23.2188E-03,-6.2500E-03,-5.0500E-03,+78.1250E-03
+2.1357E-03,+18.3125E-03,-8.0313E-03,-12.1750E-03,+76.3438E-03
+2.1457E-03,+13.8438E-03,-11.1563E-03,-12.2063E-03,+71.4375E-03
+2.1557E-03,+10.7188E-03,-14.2813E-03,-8.1750E-03,+68.7500E-03
+2.1657E-03,+9.3750E-03,-19.1875E-03,-8.1750E-03,+70.5313E-03
+2.1757E-03,+4.0313E-03,-14.7500E-03,-38.4563E-03,+66.5313E-03
+2.1857E-03,+0.0E+00,-18.2813E-03,-27.4563E-03,+57.1563E-03
+2.1957E-03,-3.5625E-03,-28.5625E-03,-1.9250E-03,+51.3438E-03
+2.2057E-03,-6.2500E-03,-34.8125E-03,-1.9250E-03,+44.6563E-03
+2.2157E-03,-8.0313E-03,-37.5000E-03,-1.9250E-03,+42.4063E-03
+2.2257E-03,-9.3750E-03,-41.0625E-03,-23.3000E-03,+36.6250E-03
+2.2357E-03,-11.1563E-03,-47.3125E-03,-37.6438E-03,+29.4688E-03
+2.2457E-03,-14.2813E-03,-48.2188E-03,-36.3000E-03,+29.9063E-03
+2.2557E-03,-13.8438E-03,-46.8750E-03,-36.3000E-03,+24.1250E-03
+2.2657E-03,-14.2813E-03,-46.8750E-03,-16.7063E-03,+16.9688E-03
+2.2757E-03,-15.6250E-03,-48.6563E-03,-1.9250E-03,+13.8438E-03
+2.2857E-03,-17.4063E-03,-51.7813E-03,-3.7063E-03,+5.3750E-03
+2.2957E-03,-16.9688E-03,-51.3438E-03,-5.0500E-03,+3.5625E-03
+2.3057E-03,-15.6250E-03,-51.7813E-03,-28.2063E-03,+4.4688E-03
+2.3157E-03,-15.6250E-03,-47.7813E-03,-45.6750E-03,-437.5E-06
+2.3257E-03,-15.6250E-03,-41.9688E-03,-45.6750E-03,-1.3438E-03
+2.3357E-03,-13.8438E-03,-40.6250E-03,-43.8938E-03,+0.0E+00
+2.3457E-03,-12.5000E-03,-40.6250E-03,-22.9563E-03,+0.0E+00
+2.3557E-03,-12.5000E-03,-37.0625E-03,-6.3938E-03,-1.7813E-03
+2.3657E-03,-14.2813E-03,-32.5938E-03,-5.0500E-03,-1.3438E-03
+2.3757E-03,-13.8438E-03,-31.2500E-03,-5.0500E-03,+3.5625E-03
+2.3857E-03,-16.0625E-03,-27.6875E-03,-24.6438E-03,+2.6875E-03
+2.3957E-03,-18.7500E-03,-23.2188E-03,-30.5188E-03,+3.5625E-03
+2.4057E-03,-18.7500E-03,-20.0938E-03,-23.8000E-03,+4.4688E-03
+2.4157E-03,-20.5313E-03,-15.1875E-03,-23.8000E-03,+6.6875E-03
+2.4257E-03,-21.8750E-03,-12.5000E-03,-13.1125E-03,+9.3750E-03
+2.4357E-03,-27.2188E-03,-10.7188E-03,-5.0500E-03,+5.8125E-03
+2.4457E-03,-33.0313E-03,-5.8125E-03,-5.0500E-03,+6.6875E-03
+2.4557E-03,-36.1563E-03,-1.3438E-03,-5.0500E-03,+12.9375E-03
+2.4657E-03,-39.2813E-03,+0.0E+00,-3.2688E-03,+17.4063E-03
+2.4757E-03,-45.9688E-03,+0.0E+00,-143.7E-06,+15.1875E-03
+2.4857E-03,-51.7813E-03,+0.0E+00,+1.2000E-03,+16.0625E-03
+2.4957E-03,-56.6875E-03,-1.7813E-03,-581.2E-06,+18.7500E-03
+2.5057E-03,-62.9375E-03,-1.3438E-03,-3.7063E-03,+18.7500E-03
+2.5157E-03,-72.7500E-03,+1.7813E-03,-3.2688E-03,+25.8750E-03
+2.5257E-03,-79.9063E-03,+3.1250E-03,-3.7063E-03,+24.1250E-03
+2.5357E-03,-84.8125E-03,+4.9063E-03,-1.4875E-03,+16.9688E-03
+2.5457E-03,-91.0625E-03,+6.2500E-03,-2.3625E-03,+17.4063E-03
+2.5557E-03,-99.0938E-03,+4.4688E-03,-1.4875E-03,+18.7500E-03
+2.5657E-03,-104.9063E-03,+3.1250E-03,+2.9813E-03,+18.7500E-03
+2.5757E-03,-109.8125E-03,+4.9063E-03,+4.3250E-03,+18.7500E-03
+2.5857E-03,-116.0625E-03,+8.0313E-03,-27.7375E-03,+22.3125E-03
+2.5957E-03,-120.5313E-03,+5.8125E-03,-23.4250E-03,+17.8750E-03
+2.6057E-03,-121.8750E-03,+4.9063E-03,-3.7063E-03,+16.0625E-03
+2.6157E-03,-123.6563E-03,+6.2500E-03,-5.0500E-03,+15.1875E-03
+2.6257E-03,-126.7813E-03,+8.0313E-03,-3.2688E-03,+12.5000E-03
+2.6357E-03,-126.3438E-03,+11.1563E-03,+5.2000E-03,+12.5000E-03
+2.6457E-03,-125.0000E-03,+14.2813E-03,+12.3563E-03,+8.9375E-03
+2.6557E-03,-126.7813E-03,+15.6250E-03,+11.9188E-03,+6.2500E-03
+2.6657E-03,-124.5625E-03,+19.1875E-03,+10.5750E-03,+2.6875E-03
+2.6757E-03,-120.0938E-03,+23.6563E-03,+3.4500E-03,+0.0E+00
+2.6857E-03,-115.1875E-03,+28.5625E-03,-1.9250E-03,+1.7813E-03
+2.6957E-03,-110.7188E-03,+33.0313E-03,-1.9250E-03,+1.3438E-03
+2.7057E-03,-105.8125E-03,+39.7188E-03,-1.9250E-03,-1.7813E-03
+2.7157E-03,-97.7813E-03,+47.3125E-03,+24.7938E-03,+437.5E-06
+2.7257E-03,-86.6250E-03,+50.0000E-03,+44.9500E-03,+1.3438E-03
+2.7357E-03,-81.2500E-03,+55.3438E-03,+44.9500E-03,-1.7813E-03
+2.7457E-03,-75.9063E-03,+61.1563E-03,+43.1688E-03,+437.5E-06
+2.7557E-03,-68.3125E-03,+66.0625E-03,+16.8875E-03,-437.5E-06
+2.7657E-03,-58.5000E-03,+74.0938E-03,-1.9250E-03,-4.9063E-03
+2.7757E-03,-49.5625E-03,+79.9063E-03,-143.7E-06,-2.6875E-03
+2.7857E-03,-43.3125E-03,+84.8125E-03,+1.2000E-03,+0.0E+00
+2.7957E-03,-37.0625E-03,+92.8438E-03,+58.2000E-03,+0.0E+00
+2.8057E-03,-30.8125E-03,+98.6563E-03,+97.6375E-03,-5.3438E-03
+2.8157E-03,-26.3438E-03,+103.5625E-03,+94.9500E-03,-4.0313E-03
+2.8257E-03,-21.4375E-03,+109.8125E-03,+94.9500E-03,-3.5625E-03
+2.8357E-03,-16.9688E-03,+112.5000E-03,+39.7313E-03,-4.4688E-03
+2.8457E-03,-13.8438E-03,+114.2813E-03,+1.6375E-03,-4.9063E-03
+2.8557E-03,-14.2813E-03,+113.8438E-03,+762.5E-06,-6.2500E-03
+2.8657E-03,-15.6250E-03,+114.2813E-03,-143.7E-06,-6.2500E-03
+2.8757E-03,-17.4063E-03,+115.6250E-03,+65.3250E-03,-4.4688E-03
+2.8857E-03,-20.5313E-03,+113.8438E-03,+113.7000E-03,-6.6875E-03
+2.8957E-03,-20.0938E-03,+110.7188E-03,+113.7000E-03,-9.3750E-03
+2.9057E-03,-25.8750E-03,+109.3750E-03,+115.4813E-03,-11.1563E-03
+2.9157E-03,-36.5938E-03,+107.5938E-03,+50.9188E-03,-16.0625E-03
+2.9257E-03,-45.9688E-03,+102.6875E-03,+1.2000E-03,-18.7500E-03
+2.9357E-03,-55.3438E-03,+96.4375E-03,-581.2E-06,-15.1875E-03
+2.9457E-03,-66.5000E-03,+90.1875E-03,-1.9250E-03,-19.6250E-03
+2.9557E-03,-79.0000E-03,+82.1563E-03,+44.3875E-03,-23.2188E-03
+2.9657E-03,-91.5000E-03,+76.3438E-03,+81.1063E-03,-23.6563E-03
+2.9757E-03,-104.0000E-03,+69.6563E-03,+80.6688E-03,-30.3438E-03
+2.9857E-03,-116.5000E-03,+58.5000E-03,+77.5438E-03,-32.5938E-03
+2.9957E-03,-129.0000E-03,+51.3438E-03,+61.9500E-03,-33.0313E-03
+3.0057E-03,-145.0625E-03,+46.4375E-03,+20.9188E-03,-34.3750E-03
+3.0157E-03,-158.4688E-03,+40.1875E-03,-3.7063E-03,-39.7188E-03
+3.0257E-03,-167.8438E-03,+33.9375E-03,-5.0500E-03,-45.5313E-03
+3.0357E-03,-180.7813E-03,+27.6875E-03,-1.4875E-03,-46.8750E-03
+3.0457E-03,-191.0625E-03,+21.4375E-03,+11.8875E-03,-48.6563E-03
+3.0557E-03,-199.0938E-03,+15.1875E-03,+21.7313E-03,-51.7813E-03
+3.0657E-03,-212.0313E-03,+14.2813E-03,+21.2938E-03,-53.1250E-03
+3.0757E-03,-220.5313E-03,+12.0625E-03,+21.7313E-03,-54.9063E-03
+3.0857E-03,-223.6563E-03,+11.1563E-03,+7.0438E-03,-59.8125E-03
+3.0957E-03,-228.5625E-03,+10.7188E-03,-3.2688E-03,-60.7188E-03
+3.1057E-03,-231.2500E-03,+12.9375E-03,-3.7063E-03,-61.1563E-03
+3.1157E-03,-229.4688E-03,+17.4063E-03,-3.2688E-03,-64.2813E-03
+3.1257E-03,-229.9063E-03,+20.5313E-03,+10.5438E-03,-63.8438E-03
+3.1357E-03,-229.4688E-03,+25.4375E-03,+19.9500E-03,-62.5000E-03
+3.1457E-03,-222.7813E-03,+31.6875E-03,+19.9500E-03,-62.5000E-03
+3.1557E-03,-215.1875E-03,+39.7188E-03,+19.9500E-03,-60.7188E-03
+3.1657E-03,-210.7188E-03,+49.0938E-03,+7.4813E-03,-55.8125E-03
+3.1757E-03,-202.2500E-03,+60.2500E-03,-1.9250E-03,-53.1250E-03
+3.1857E-03,-191.5313E-03,+72.7500E-03,-1.9250E-03,-51.3438E-03
+3.1957E-03,-180.3750E-03,+83.4688E-03,-143.7E-06,-50.0000E-03
+3.2057E-03,-167.8750E-03,+96.4063E-03,+56.4188E-03,-50.0000E-03
+3.2157E-03,-155.3750E-03,+110.2500E-03,+99.8563E-03,-46.4375E-03
+3.2257E-03,-141.0938E-03,+120.9688E-03,+97.6375E-03,-40.1875E-03
+3.2357E-03,-127.2500E-03,+133.9063E-03,+96.7313E-03,-35.7188E-03
+3.2457E-03,-112.9688E-03,+145.9688E-03,+42.8563E-03,-30.8125E-03
+3.2557E-03,-99.1250E-03,+158.9063E-03,+1.2000E-03,-26.3438E-03
+3.2657E-03,-84.8438E-03,+167.4063E-03,-581.2E-06,-21.4375E-03
+3.2757E-03,-71.0000E-03,+179.4375E-03,-143.7E-06,-22.3125E-03
+3.2857E-03,-58.5000E-03,+191.0625E-03,+108.0750E-03,-23.2188E-03
+3.2957E-03,-47.7813E-03,+199.0938E-03,+192.2625E-03,-16.5313E-03
+3.3057E-03,-38.4063E-03,+206.6875E-03,+193.1688E-03,-16.0625E-03
+3.3157E-03,-30.8125E-03,+214.7188E-03,+191.8250E-03,-15.1875E-03
+3.3257E-03,-24.5625E-03,+220.5313E-03,+84.9500E-03,-12.5000E-03
+3.3357E-03,-16.5313E-03,+223.6563E-03,+762.5E-06,-7.1563E-03
+3.3457E-03,-12.5000E-03,+225.0000E-03,+1.6375E-03,-8.4688E-03
+3.3557E-03,-14.2813E-03,+225.0000E-03,+2.5438E-03,-10.7188E-03
+3.3657E-03,-13.8438E-03,+225.0000E-03,+143.7000E-03,-11.1563E-03
+3.3757E-03,-16.0625E-03,+221.4375E-03,+233.3875E-03,-12.5000E-03
+3.3857E-03,-20.5313E-03,+215.1875E-03,+218.1688E-03,-17.8438E-03
+3.3957E-03,-27.2188E-03,+207.1563E-03,+216.8250E-03,-20.0938E-03
+3.4057E-03,-36.5938E-03,+197.7813E-03,+216.8250E-03,-24.0938E-03
+3.4157E-03,-44.1875E-03,+188.4063E-03,+97.4813E-03,-33.4688E-03
+3.4257E-03,-54.0000E-03,+175.4688E-03,+5.6688E-03,-35.7188E-03
+3.4357E-03,-68.2813E-03,+165.1875E-03,+2.5438E-03,-37.9375E-03
+3.4457E-03,-82.1250E-03,+153.5938E-03,+1.2000E-03,-47.7500E-03
+3.4557E-03,-94.6250E-03,+139.7500E-03,+81.3563E-03,-51.3438E-03
+3.4657E-03,-108.9063E-03,+127.2500E-03,+143.6063E-03,-55.3438E-03
+3.4757E-03,-124.5313E-03,+112.9688E-03,+141.3875E-03,-62.9375E-03
+3.4857E-03,-141.9375E-03,+99.1250E-03,+138.7000E-03,-70.9688E-03
+3.4957E-03,-155.3438E-03,+86.6250E-03,+62.1063E-03,-78.5625E-03
+3.5057E-03,-168.2813E-03,+72.3438E-03,+4.3250E-03,-81.2500E-03
+3.5157E-03,-183.9063E-03,+60.2813E-03,+2.5438E-03,-84.8125E-03
+3.5257E-03,-197.7500E-03,+49.1250E-03,+2.9813E-03,-91.0625E-03
+3.5357E-03,-212.0313E-03,+38.4063E-03,+23.9188E-03,-93.7500E-03
+3.5457E-03,-225.8750E-03,+30.8125E-03,+38.7000E-03,-102.6563E-03
+3.5557E-03,-234.8125E-03,+24.5625E-03,+40.4813E-03,-105.8125E-03
+3.5657E-03,-242.8438E-03,+16.5313E-03,+40.0438E-03,-104.9063E-03
+3.5757E-03,-248.6563E-03,+14.2813E-03,+15.5438E-03,-113.3750E-03
+3.5857E-03,-253.5625E-03,+15.6250E-03,-3.7063E-03,-111.6250E-03
+3.5957E-03,-258.0313E-03,+13.8438E-03,-3.2688E-03,-111.5938E-03
+3.6057E-03,-257.5938E-03,+16.0625E-03,-3.7063E-03,-115.6250E-03
+3.6157E-03,-254.4688E-03,+20.5313E-03,+7.4188E-03,-113.8438E-03
+3.6257E-03,-251.3438E-03,+25.4375E-03,+18.6063E-03,-116.0625E-03
+3.6357E-03,-248.2188E-03,+31.6875E-03,+21.7313E-03,-113.4063E-03
+3.6457E-03,-243.3125E-03,+39.7188E-03,+24.8563E-03,-111.1563E-03
+3.6557E-03,-233.5000E-03,+50.8750E-03,+8.3875E-03,-108.9375E-03
+3.6657E-03,-222.7813E-03,+63.3750E-03,-3.2688E-03,-100.9063E-03
+3.6757E-03,-211.6250E-03,+75.8750E-03,-3.7063E-03,-96.8750E-03
+3.6857E-03,-199.1250E-03,+90.1563E-03,-5.0500E-03,-91.5313E-03
+3.6957E-03,-184.8438E-03,+105.7813E-03,+59.0750E-03,-82.1563E-03
+3.7057E-03,-171.0000E-03,+119.6250E-03,+109.2313E-03,-76.3438E-03
+3.7157E-03,-156.7188E-03,+132.1250E-03,+108.7938E-03,-71.4375E-03
+3.7257E-03,-141.0938E-03,+146.4063E-03,+109.2313E-03,-66.9688E-03
+3.7357E-03,-125.4688E-03,+162.0313E-03,+46.4500E-03,-60.2813E-03
+3.7457E-03,-111.6250E-03,+175.8750E-03,-1.9250E-03,-50.9063E-03
+3.7557E-03,-99.1250E-03,+188.3750E-03,-1.9250E-03,-45.0938E-03
+3.7657E-03,-83.0625E-03,+200.8750E-03,-1.9250E-03,-40.1875E-03
+3.7757E-03,-67.8750E-03,+211.5938E-03,+5.2000E-03,-35.7188E-03
+3.7857E-03,-55.3750E-03,+220.9688E-03,+129.9188E-03,-27.2500E-03
+3.7957E-03,-44.6563E-03,+230.3438E-03,+218.1688E-03,-20.0938E-03
+3.8057E-03,-37.0625E-03,+237.9375E-03,+216.8250E-03,-18.7500E-03
+3.8157E-03,-25.4688E-03,+242.4063E-03,+218.6063E-03,-16.9688E-03
+3.8257E-03,-18.7500E-03,+247.3125E-03,+97.0438E-03,-13.8438E-03
+3.8357E-03,-15.1875E-03,+250.0000E-03,+2.5438E-03,-12.5000E-03
+3.8457E-03,-12.5000E-03,+250.0000E-03,+2.9813E-03,-12.5000E-03
+3.8557E-03,-12.5000E-03,+248.2188E-03,+4.3250E-03,-12.5000E-03
+3.8657E-03,-12.5000E-03,+245.0938E-03,+139.7000E-03,-14.2813E-03
+3.8757E-03,-16.0625E-03,+240.1875E-03,+241.8250E-03,-19.1875E-03
+3.8857E-03,-18.7500E-03,+232.1563E-03,+241.8250E-03,-21.8750E-03
+3.8957E-03,-24.0938E-03,+221.0000E-03,+241.8250E-03,-21.8750E-03
+3.9057E-03,-31.6875E-03,+210.2813E-03,+106.4500E-03,-29.0000E-03
+3.9157E-03,-37.9375E-03,+199.1250E-03,+6.1063E-03,-37.9375E-03
+3.9257E-03,-47.7500E-03,+183.0625E-03,+3.8875E-03,-44.1875E-03
+3.9357E-03,-60.2500E-03,+169.6563E-03,+1.2000E-03,-48.6563E-03
+3.9457E-03,-70.9688E-03,+156.7188E-03,+86.7000E-03,-53.5625E-03
+3.9557E-03,-80.3438E-03,+142.8750E-03,+152.9813E-03,-61.5938E-03
+3.9657E-03,-89.7188E-03,+128.5938E-03,+152.5438E-03,-70.9688E-03
+3.9757E-03,-102.6563E-03,+112.9688E-03,+154.7625E-03,-76.7813E-03
+3.9857E-03,-116.5000E-03,+99.1250E-03,+70.1688E-03,-79.9063E-03
+3.9957E-03,-127.2188E-03,+86.6250E-03,+2.5438E-03,-86.5938E-03
+4.0057E-03,-138.3750E-03,+72.3438E-03,+1.2000E-03,-92.4063E-03
+4.0157E-03,-149.0938E-03,+58.5000E-03,-581.2E-06,-100.8750E-03
+4.0257E-03,-156.6875E-03,+47.7813E-03,+24.7938E-03,-104.4688E-03
+4.0357E-03,-164.7188E-03,+36.6250E-03,+44.9500E-03,-106.6875E-03
+4.0457E-03,-174.0938E-03,+29.4688E-03,+46.7313E-03,-114.7188E-03
+4.0557E-03,-181.6875E-03,+24.5625E-03,+46.2938E-03,-120.5313E-03
+4.0657E-03,-186.1563E-03,+18.3125E-03,+18.2313E-03,-125.4375E-03
+4.0757E-03,-189.2813E-03,+13.8438E-03,-1.9250E-03,-126.3438E-03
+4.0857E-03,-190.6250E-03,+10.7188E-03,-3.7063E-03,-125.0000E-03
+4.0957E-03,-188.8438E-03,+11.1563E-03,-3.2688E-03,-128.5625E-03
+4.1057E-03,-183.9375E-03,+12.5000E-03,+5.2000E-03,-131.2500E-03
+4.1157E-03,-183.0313E-03,+16.0625E-03,+12.3563E-03,-125.9063E-03
+4.1257E-03,-184.3750E-03,+20.5313E-03,+11.9188E-03,-121.8750E-03
+4.1357E-03,-177.2500E-03,+25.4375E-03,+12.3563E-03,-120.0938E-03
+4.1457E-03,-170.0938E-03,+31.6875E-03,+3.0125E-03,-118.7500E-03
+4.1557E-03,-161.6250E-03,+39.7188E-03,-5.0500E-03,-115.1875E-03
+4.1657E-03,-152.6875E-03,+50.8750E-03,-5.0500E-03,-107.1563E-03
+4.1757E-03,-144.6563E-03,+61.5938E-03,-3.2688E-03,-99.5625E-03
+4.1857E-03,-137.0625E-03,+72.7500E-03,+8.7625E-03,-93.3125E-03
+4.1957E-03,-129.0313E-03,+85.2500E-03,+52.4500E-03,-87.0625E-03
+4.2057E-03,-117.8750E-03,+95.9688E-03,+81.1063E-03,-80.8125E-03
+4.2157E-03,-101.8125E-03,+107.1250E-03,+82.4500E-03,-72.7813E-03
+4.2257E-03,-90.1875E-03,+119.6250E-03,+82.4500E-03,-63.4063E-03
+4.2357E-03,-80.3750E-03,+130.3438E-03,+36.1375E-03,-55.8125E-03
+4.2457E-03,-71.4375E-03,+137.9375E-03,-581.2E-06,-51.3438E-03
+4.2557E-03,-61.6250E-03,+147.7500E-03,-1.9250E-03,-48.2188E-03
+4.2657E-03,-50.9063E-03,+156.6875E-03,-1.9250E-03,-41.5313E-03
+4.2757E-03,-43.3125E-03,+162.9375E-03,+90.7000E-03,-33.9375E-03
+4.2857E-03,-37.0625E-03,+169.1875E-03,+160.5750E-03,-24.1250E-03
+4.2957E-03,-29.0313E-03,+175.4375E-03,+162.3563E-03,-18.7500E-03
+4.3057E-03,-23.2188E-03,+181.6875E-03,+163.7000E-03,-20.5313E-03
+4.3157E-03,-18.3125E-03,+182.5938E-03,+72.8563E-03,-16.5313E-03
+4.3257E-03,-15.6250E-03,+183.0313E-03,+2.5438E-03,-10.7188E-03
+4.3357E-03,-13.8438E-03,+182.5938E-03,+1.2000E-03,-9.3750E-03
+4.3457E-03,-12.5000E-03,+179.4688E-03,+1.2000E-03,-9.3750E-03
+4.3557E-03,-10.7188E-03,+176.3438E-03,+99.1688E-03,-12.9375E-03
+4.3657E-03,-11.1563E-03,+175.0000E-03,+173.0750E-03,-12.0625E-03
+4.3757E-03,-12.5000E-03,+169.6563E-03,+174.8563E-03,-12.9375E-03
+4.3857E-03,-16.0625E-03,+160.2813E-03,+176.2000E-03,-15.6250E-03
+4.3957E-03,-16.9688E-03,+152.6875E-03,+78.2313E-03,-19.1875E-03
+4.4057E-03,-17.4063E-03,+142.8750E-03,+4.3250E-03,-21.8750E-03
+4.4157E-03,-22.3125E-03,+133.9375E-03,+4.3250E-03,-29.0000E-03
+4.4257E-03,-25.0000E-03,+124.1250E-03,+762.5E-06,-32.5938E-03
+4.4357E-03,-32.1250E-03,+113.4063E-03,+60.4188E-03,-38.3750E-03
+4.4457E-03,-35.7188E-03,+104.0313E-03,+109.2313E-03,-45.5313E-03
+4.4557E-03,-37.9375E-03,+92.8750E-03,+110.5750E-03,-48.6563E-03
+4.4657E-03,-42.4063E-03,+82.1563E-03,+110.5750E-03,-58.9063E-03
+4.4757E-03,-47.3125E-03,+72.7813E-03,+48.2313E-03,-63.8438E-03
+4.4857E-03,-51.7813E-03,+63.4063E-03,+2.9813E-03,-64.2813E-03
+4.4957E-03,-56.6875E-03,+52.2500E-03,+2.5438E-03,-65.6250E-03
+4.5057E-03,-59.3750E-03,+43.3125E-03,+2.9813E-03,-70.9688E-03
+4.5157E-03,-59.3750E-03,+37.0625E-03,+20.3563E-03,-78.5625E-03
+4.5257E-03,-61.1563E-03,+27.2500E-03,+32.4500E-03,-83.0313E-03
+4.5357E-03,-62.5000E-03,+20.0938E-03,+30.6688E-03,-87.9375E-03
+4.5457E-03,-62.5000E-03,+16.9688E-03,+32.8875E-03,-90.6250E-03
+4.5557E-03,-62.5000E-03,+12.0625E-03,+14.2000E-03,-94.1875E-03
+4.5657E-03,-58.9375E-03,+9.3750E-03,-1.9250E-03,-98.6563E-03
+4.5757E-03,-58.0313E-03,+5.8125E-03,-1.9250E-03,-94.6563E-03
+4.5857E-03,-59.3750E-03,+3.1250E-03,-1.9250E-03,-94.1875E-03
+4.5957E-03,-55.8125E-03,+3.1250E-03,-1.9250E-03,-93.3125E-03
+4.6057E-03,-51.3438E-03,+4.9063E-03,+3.4188E-03,-90.6250E-03
+4.6157E-03,-46.4375E-03,+6.2500E-03,+5.6688E-03,-94.1875E-03
+4.6257E-03,-43.7500E-03,+9.8125E-03,+6.1063E-03,-93.3125E-03
+4.6357E-03,-41.9688E-03,+12.5000E-03,+5.6688E-03,-87.0625E-03
+4.6457E-03,-38.8438E-03,+16.0625E-03,+762.5E-06,-82.5938E-03
+4.6557E-03,-33.9375E-03,+18.7500E-03,-3.7063E-03,-81.2500E-03
+4.6657E-03,-31.2500E-03,+20.5313E-03,-3.2688E-03,-72.3438E-03
+4.6757E-03,-25.9063E-03,+25.4375E-03,-3.7063E-03,-63.8438E-03
+4.6857E-03,-23.6563E-03,+29.9063E-03,+14.5438E-03,-58.9375E-03
+4.6957E-03,-23.2188E-03,+33.0313E-03,+31.1063E-03,-58.0313E-03
+4.7057E-03,-18.3125E-03,+37.9375E-03,+32.4500E-03,-54.0313E-03
+4.7157E-03,-13.8438E-03,+40.6250E-03,+32.4500E-03,-48.2188E-03
+4.7257E-03,-10.7188E-03,+44.1875E-03,+12.8563E-03,-45.0938E-03
+4.7357E-03,-9.3750E-03,+46.8750E-03,-1.9250E-03,-38.4063E-03
+4.7457E-03,-7.5938E-03,+48.6563E-03,-1.9250E-03,-29.0313E-03
+4.7557E-03,-8.0313E-03,+51.7813E-03,-3.7063E-03,-23.2188E-03
+4.7657E-03,-7.5938E-03,+53.1250E-03,+28.7938E-03,-21.8750E-03
+4.7757E-03,-8.0313E-03,+53.1250E-03,+52.5438E-03,-23.6563E-03
+4.7857E-03,-9.3750E-03,+53.1250E-03,+51.2000E-03,-19.6563E-03
+4.7957E-03,-9.3750E-03,+53.1250E-03,+52.9813E-03,-12.0625E-03
+4.8057E-03,-7.5938E-03,+51.3438E-03,+20.4813E-03,-5.8125E-03
+4.8157E-03,-4.4688E-03,+50.0000E-03,-3.2688E-03,-6.6875E-03
+4.8257E-03,-4.9063E-03,+46.4375E-03,-1.9250E-03,-11.1563E-03
+4.8357E-03,-9.8125E-03,+45.5313E-03,-1.9250E-03,-8.9375E-03
+4.8457E-03,-8.9375E-03,+43.3125E-03,+23.0125E-03,-9.8125E-03
+4.8557E-03,-8.0313E-03,+40.6250E-03,+40.0438E-03,-8.9375E-03
+4.8657E-03,-9.3750E-03,+37.0625E-03,+40.4813E-03,-8.0313E-03
+4.8757E-03,-9.3750E-03,+34.3750E-03,+41.8250E-03,-5.8125E-03
+4.8857E-03,-11.1563E-03,+30.8125E-03,+18.6688E-03,-3.1250E-03
+4.8957E-03,-8.9375E-03,+24.5625E-03,-581.2E-06,-4.9063E-03
+4.9057E-03,-6.2500E-03,+21.8750E-03,-3.7063E-03,-11.5938E-03
+4.9157E-03,-2.6875E-03,+20.0938E-03,-5.0500E-03,-15.6250E-03
+4.9257E-03,+1.7813E-03,+16.9688E-03,+3.8563E-03,-13.8438E-03
+4.9357E-03,+1.3438E-03,+12.0625E-03,+14.1375E-03,-14.2813E-03
+4.9457E-03,+3.5625E-03,+9.3750E-03,+16.8250E-03,-17.4063E-03
+4.9557E-03,+8.0313E-03,+7.5938E-03,+15.0438E-03,-20.5313E-03
+4.9657E-03,+14.7188E-03,+6.2500E-03,-550.0E-06,-20.0938E-03
+4.9757E-03,+22.3125E-03,+4.4688E-03,-5.9563E-03,-24.0938E-03
+4.9857E-03,+28.5625E-03,+1.3438E-03,-1.9250E-03,-26.3438E-03
+4.9957E-03,+36.5938E-03,+0.0E+00,-1.9250E-03,-25.0000E-03
+5.0057E-03,+42.4063E-03,-1.7813E-03,-1.9250E-03,-28.5625E-03
